GAINS Sepsis Dataset - Upregulated,,,,,,,,,,
geneSet,description,link,size,overlap,expect,enrichmentRatio,pValue,FDR,overlapId,userId
GO:0016192,vesicle-mediated transport,http://amigo.geneontology.org/amigo/term/GO:0016192,1550,331,247.0859557,1.3396147874177846,8.881146928985117e-10,1.7959899377140154e-6,102;133;134;135;156;213;226;273;286;306;334;375;383;387;388;391;409;537;567;575;613;634;683;684;695;719;722;728;823;829;830;847;928;932;963;967;977;1062;1088;1143;1213;1230;1432;1453;1509;1512;1604;1727;1893;1950;1991;1992;2040;2207;2214;2242;2243;2268;2352;2588;2665;2717;2773;2804;2901;2992;3055;3082;3101;3146;3240;3303;3566;3636;3684;3687;3690;3797;3799;3832;3934;3949;3953;3958;3959;4043;4233;4318;4430;4644;4651;4688;4734;4860;4893;5023;5028;5054;5236;5265;5289;5290;5414;5468;5530;5538;5595;5627;5657;5717;5718;5728;5768;5836;5861;5862;5867;5870;5872;5873;5877;5880;5899;5908;6036;6093;6272;6282;6283;6286;6385;6403;6455;6515;6556;6683;6804;6809;6810;6843;6853;6947;6993;7052;7057;7076;7114;7130;7226;7277;7450;7456;7525;7813;8291;8372;8394;8398;8417;8527;8674;8676;8724;8773;8774;8825;8826;8836;8867;8876;8907;8941;9098;9261;9341;9479;9535;9559;9648;9765;9861;9871;9886;9900;9910;9936;10043;10079;10092;10094;10095;10096;10109;10112;10121;10124;10134;10211;10313;10461;10490;10533;10540;10565;10802;10855;10938;10970;10981;11004;11018;11031;11267;11345;22876;22915;22931;23032;23095;23200;23210;23218;23307;23325;23327;23406;23557;23593;23601;23603;23607;23673;25798;25801;25840;25923;26020;27183;27342;29097;29887;29924;29934;29978;51097;51124;51128;51164;51257;51271;51290;51316;51411;51517;51560;51571;51617;51699;51706;51719;51762;53831;54413;54432;54492;54520;54536;54676;54874;55062;55353;55610;55647;55681;55973;56681;56729;57126;57153;57555;57826;58485;63915;63916;64083;64114;64400;64780;65018;79720;79792;79930;80148;80725;81555;81619;83452;83706;84376;84418;84896;84910;90522;92421;93100;93343;112476;115548;115827;116844;122553;126003;126014;127833;134957;137492;150372;157769;158747;160622;199675;203228;222487;253725;255057;255738;338339;375033;387680;387921;102725035,ENSG00000204936;ENSG00000196415;ENSG00000104918;ENSG00000136051;ENSG00000132170;ENSG00000116489;ENSG00000163221;ENSG00000197561;ENSG00000174175;ENSG00000124469;ENSG00000110934;ENSG00000118520;ENSG00000142185;ENSG00000169385;ENSG00000257017;ENSG00000127824;ENSG00000172007;ENSG00000154710;ENSG00000141367;ENSG00000183019;ENSG00000138772;ENSG00000187800;ENSG00000087502;ENSG00000166527;ENSG00000139572;ENSG00000153310;ENSG00000171860;ENSG00000258227;ENSG00000169174;ENSG00000138798;ENSG00000127314;ENSG00000148346;ENSG00000134827;ENSG00000205542;ENSG00000182400;ENSG00000123838;ENSG00000154917;ENSG00000122644;ENSG00000138722;ENSG00000078053;ENSG00000204389;ENSG00000184500;ENSG00000163754;ENSG00000213672;ENSG00000021355;ENSG00000112299;ENSG00000130164;ENSG00000029534;ENSG00000143771;ENSG00000138160;ENSG00000079385;ENSG00000120306;ENSG00000051620;ENSG00000175582;ENSG00000148175;ENSG00000137942;ENSG00000086300;ENSG00000145287;ENSG00000084731;ENSG00000135404;ENSG00000137801;ENSG00000139832;ENSG00000019991;ENSG00000161835;ENSG00000172432;ENSG00000149516;ENSG00000143878;ENSG00000167371;ENSG00000058063;ENSG00000241399;ENSG00000171236;ENSG00000108679;ENSG00000138778;ENSG00000145555;ENSG00000185432;ENSG00000168118;ENSG00000169860;ENSG00000054793;ENSG00000137563;ENSG00000177697;ENSG00000186792;ENSG00000173083;ENSG00000034713;ENSG00000072422;ENSG00000121879;ENSG00000110799;ENSG00000160883;ENSG00000108405;ENSG00000153208;ENSG00000160796;ENSG00000111052;ENSG00000184743;ENSG00000104341;ENSG00000170091;ENSG00000152061;ENSG00000113615;ENSG00000141480;ENSG00000066777;ENSG00000155975;ENSG00000196352;ENSG00000132912;ENSG00000121653;ENSG00000102265;ENSG00000157107;ENSG00000121691;ENSG00000136026;ENSG00000117533;ENSG00000112062;ENSG00000145817;ENSG00000141985;ENSG00000143545;ENSG00000130755;ENSG00000092531;ENSG00000142945;ENSG00000115091;ENSG00000137312;ENSG00000112984;ENSG00000134049;ENSG00000100985;ENSG00000138814;ENSG00000146094;ENSG00000070495;ENSG00000018280;ENSG00000021574;ENSG00000014216;ENSG00000136021;ENSG00000010278;ENSG00000163823;ENSG00000110203;ENSG00000130303;ENSG00000134243;ENSG00000123610;ENSG00000170909;ENSG00000159082;ENSG00000162704;ENSG00000172661;ENSG00000099785;ENSG00000116701;ENSG00000163993;ENSG00000235568;ENSG00000163191;ENSG00000150961;ENSG00000163956;ENSG00000069869;ENSG00000067900;ENSG00000104518;ENSG00000062598;ENSG00000197249;ENSG00000147164;ENSG00000137845;ENSG00000067208;ENSG00000054523;ENSG00000198087;ENSG00000198825;ENSG00000167645;ENSG00000077254;ENSG00000079332;ENSG00000116260;ENSG00000100504;ENSG00000140575;ENSG00000008056;ENSG00000141012;ENSG00000070540;ENSG00000131238;ENSG00000213281;ENSG00000196338;ENSG00000147813;ENSG00000176105;ENSG00000166971;ENSG00000169896;ENSG00000077044;ENSG00000138190;ENSG00000133318;ENSG00000197535;ENSG00000164695;ENSG00000109743;ENSG00000119321;ENSG00000067560;ENSG00000100568;ENSG00000203747;ENSG00000143119;ENSG00000000938;ENSG00000143398;ENSG00000188811;ENSG00000079950;ENSG00000138138;ENSG00000148926;ENSG00000117984;ENSG00000158869;ENSG00000084234;ENSG00000143653;ENSG00000135926;ENSG00000078142;ENSG00000170759;ENSG00000182885;ENSG00000185825;ENSG00000123728;ENSG00000059804;ENSG00000077238;ENSG00000143858;ENSG00000135636;ENSG00000049245;ENSG00000069974;ENSG00000057608;ENSG00000131981;ENSG00000118508;ENSG00000166128;ENSG00000110880;ENSG00000171450;ENSG00000049759;ENSG00000146425;ENSG00000117971;ENSG00000197324;ENSG00000134265;ENSG00000128271;ENSG00000189403;ENSG00000099625;ENSG00000162889;ENSG00000153214;ENSG00000075790;ENSG00000100243;ENSG00000122958;ENSG00000124145;ENSG00000130429;ENSG00000159348;ENSG00000103496;ENSG00000108219;ENSG00000135604;ENSG00000198805;ENSG00000214357;ENSG00000188021;ENSG00000182511;ENSG00000135596;ENSG00000112335;ENSG00000103811;ENSG00000198959;ENSG00000152700;ENSG00000128641;ENSG00000259207;ENSG00000129204;ENSG00000165006;ENSG00000149925;ENSG00000113384;ENSG00000173230;ENSG00000152932;ENSG00000159210;ENSG00000147894;ENSG00000159164;ENSG00000115271;ENSG00000101336;ENSG00000130150;ENSG00000079739;ENSG00000004766;ENSG00000186716;ENSG00000106089;ENSG00000204577;ENSG00000158828;ENSG00000108387;ENSG00000141551;ENSG00000065135;ENSG00000103187;ENSG00000115935;ENSG00000184381;ENSG00000177105;ENSG00000144118;ENSG00000168172;ENSG00000171862;ENSG00000163631;ENSG00000149781;ENSG00000111229;ENSG00000139722;ENSG00000132612;ENSG00000166900;ENSG00000165458;ENSG00000105976;ENSG00000058799;ENSG00000175203;ENSG00000099290;ENSG00000116678;ENSG00000164506;ENSG00000143553;ENSG00000183155;ENSG00000140678;ENSG00000141971;ENSG00000106366;ENSG00000110047;ENSG00000105737;ENSG00000181029;ENSG00000170043;ENSG00000163636;ENSG00000164713;ENSG00000176853;ENSG00000102393;ENSG00000039319;ENSG00000171560;ENSG00000197405;ENSG00000169992;ENSG00000104388;ENSG00000188428;ENSG00000197548;ENSG00000181790;ENSG00000168461;ENSG00000135932;ENSG00000139190;ENSG00000143369;ENSG00000135968;ENSG00000198898;ENSG00000099203;ENSG00000129353;ENSG00000108671;ENSG00000143761;ENSG00000138107;ENSG00000166710;ENSG00000125633;ENSG00000111237;ENSG00000128340;ENSG00000010671;ENSG00000102882;ENSG00000173020;ENSG00000071553;ENSG00000100284;ENSG00000138069;ENSG00000277363;ENSG00000099246;ENSG00000117758;ENSG00000072958;ENSG00000122490;ENSG00000163466;ENSG00000163485;ENSG00000063245;ENSG00000197170
GO:0001775,cell activation,http://amigo.geneontology.org/amigo/term/GO:0001775,1125,241,179.33658073971895,1.343841836428099,2.063224502357741e-7,1.1126281999714512e-4,18;102;135;226;306;383;384;387;391;409;567;602;613;634;677;683;684;695;719;728;823;847;861;896;928;932;963;967;977;1051;1088;1143;1192;1326;1432;1509;1512;1604;1727;1991;1992;2040;2207;2242;2243;2268;2281;2319;2352;2529;2588;2623;2665;2717;2730;2769;2776;2796;2811;2992;3087;3101;3135;3146;3240;3303;3315;3476;3485;3516;3566;3567;3586;3611;3684;3687;3690;3717;3934;3936;3949;3953;3956;3958;4066;4318;4495;4734;4860;4893;5023;5028;5062;5236;5265;5270;5290;5530;5578;5595;5657;5717;5718;5768;5819;5836;5870;5873;5880;5908;6036;6093;6195;6282;6283;6286;6385;6403;6515;6556;6670;6688;6810;6868;6947;6993;7046;7057;7076;7096;7099;7128;7130;7226;7450;7525;7534;7704;8291;8440;8527;8543;8741;8754;8773;8807;8809;8826;8836;8876;8907;9002;9156;9158;9173;9306;9341;9479;9535;9750;9759;9861;10043;10092;10148;10397;10461;10533;10538;10627;10672;10673;10855;10970;11031;11035;22806;22931;23200;23210;23218;23228;23406;23593;23601;25798;25801;25840;26191;29071;29110;29126;50615;51043;51206;51266;51316;51411;51571;51719;53831;55012;55183;55509;55824;56670;56729;57126;57153;57630;57826;58485;64092;64114;64332;64343;64926;79155;79576;79792;79930;81619;83706;84418;93100;114770;115004;116844;126014;139818;150372;158747;199675;222487;246778;286410;338339;375033;387921;441478;102725035,ENSG00000204936;ENSG00000196415;ENSG00000155307;ENSG00000104918;ENSG00000163221;ENSG00000197561;ENSG00000174175;ENSG00000124469;ENSG00000110934;ENSG00000118520;ENSG00000142185;ENSG00000115604;ENSG00000169385;ENSG00000257017;ENSG00000183019;ENSG00000138772;ENSG00000187800;ENSG00000166527;ENSG00000068024;ENSG00000139572;ENSG00000153310;ENSG00000171860;ENSG00000164430;ENSG00000258227;ENSG00000127314;ENSG00000197272;ENSG00000148346;ENSG00000134827;ENSG00000204389;ENSG00000163754;ENSG00000204632;ENSG00000135919;ENSG00000021355;ENSG00000112299;ENSG00000130164;ENSG00000127533;ENSG00000079385;ENSG00000120306;ENSG00000051620;ENSG00000109906;ENSG00000175582;ENSG00000185650;ENSG00000148175;ENSG00000145287;ENSG00000165682;ENSG00000135404;ENSG00000137801;ENSG00000149516;ENSG00000100097;ENSG00000058063;ENSG00000171236;ENSG00000120217;ENSG00000185432;ENSG00000169860;ENSG00000120063;ENSG00000105246;ENSG00000137563;ENSG00000177697;ENSG00000115457;ENSG00000166333;ENSG00000106799;ENSG00000081181;ENSG00000173083;ENSG00000161031;ENSG00000121879;ENSG00000110799;ENSG00000160883;ENSG00000108405;ENSG00000153208;ENSG00000160796;ENSG00000152804;ENSG00000174125;ENSG00000141480;ENSG00000196352;ENSG00000154447;ENSG00000121653;ENSG00000102265;ENSG00000121691;ENSG00000156052;ENSG00000136026;ENSG00000134242;ENSG00000130202;ENSG00000112062;ENSG00000130755;ENSG00000163512;ENSG00000092531;ENSG00000104419;ENSG00000023909;ENSG00000100985;ENSG00000138814;ENSG00000115607;ENSG00000146094;ENSG00000106211;ENSG00000070495;ENSG00000018280;ENSG00000123685;ENSG00000014216;ENSG00000010278;ENSG00000156127;ENSG00000161405;ENSG00000174371;ENSG00000110203;ENSG00000060558;ENSG00000130303;ENSG00000123610;ENSG00000183044;ENSG00000170909;ENSG00000180370;ENSG00000162704;ENSG00000163993;ENSG00000076641;ENSG00000235568;ENSG00000163191;ENSG00000069869;ENSG00000125144;ENSG00000067900;ENSG00000104518;ENSG00000172500;ENSG00000170677;ENSG00000197249;ENSG00000137845;ENSG00000168615;ENSG00000136634;ENSG00000088053;ENSG00000116260;ENSG00000100504;ENSG00000140575;ENSG00000102145;ENSG00000185245;ENSG00000141012;ENSG00000161955;ENSG00000102524;ENSG00000213281;ENSG00000147813;ENSG00000176105;ENSG00000169896;ENSG00000077044;ENSG00000112576;ENSG00000144802;ENSG00000109743;ENSG00000067560;ENSG00000180549;ENSG00000143119;ENSG00000198829;ENSG00000000938;ENSG00000092020;ENSG00000188811;ENSG00000159216;ENSG00000103522;ENSG00000117984;ENSG00000066336;ENSG00000158869;ENSG00000135926;ENSG00000080345;ENSG00000136869;ENSG00000096968;ENSG00000182885;ENSG00000123728;ENSG00000059804;ENSG00000077238;ENSG00000135636;ENSG00000049245;ENSG00000069974;ENSG00000057608;ENSG00000131981;ENSG00000146425;ENSG00000117971;ENSG00000128271;ENSG00000189403;ENSG00000160685;ENSG00000100243;ENSG00000101608;ENSG00000124145;ENSG00000171155;ENSG00000164924;ENSG00000103496;ENSG00000111913;ENSG00000108219;ENSG00000198805;ENSG00000213719;ENSG00000182511;ENSG00000101882;ENSG00000103811;ENSG00000259207;ENSG00000069399;ENSG00000168214;ENSG00000149925;ENSG00000154229;ENSG00000104903;ENSG00000071051;ENSG00000117676;ENSG00000115271;ENSG00000130150;ENSG00000143013;ENSG00000079739;ENSG00000147437;ENSG00000186716;ENSG00000204577;ENSG00000129465;ENSG00000107968;ENSG00000103187;ENSG00000119782;ENSG00000177105;ENSG00000149781;ENSG00000116678;ENSG00000172216;ENSG00000140678;ENSG00000105122;ENSG00000170043;ENSG00000163636;ENSG00000151694;ENSG00000164713;ENSG00000115602;ENSG00000132589;ENSG00000198435;ENSG00000102393;ENSG00000171560;ENSG00000197405;ENSG00000172845;ENSG00000118503;ENSG00000197548;ENSG00000168461;ENSG00000135932;ENSG00000113525;ENSG00000183735;ENSG00000129353;ENSG00000108671;ENSG00000166710;ENSG00000128340;ENSG00000010671;ENSG00000102882;ENSG00000168884;ENSG00000100284;ENSG00000101974;ENSG00000099246;ENSG00000136167;ENSG00000072958;ENSG00000147251;ENSG00000089289;ENSG00000154822;ENSG00000197170
GO:0046903,secretion,http://amigo.geneontology.org/amigo/term/GO:0046903,1218,271,194.16173808086904,1.3957435830489298,6.309379685376371e-10,1.7012190758336487e-6,18;102;133;134;135;156;213;226;286;306;334;366;375;383;384;387;391;537;567;613;634;683;684;695;719;728;823;847;928;932;963;967;1088;1143;1230;1374;1432;1509;1512;1588;1604;1727;1893;1910;1950;1991;1992;2040;2207;2242;2243;2268;2281;2352;2588;2597;2665;2717;2901;2992;3055;3082;3091;3098;3099;3101;3146;3240;3274;3303;3516;3556;3566;3567;3586;3684;3687;3690;3717;3799;3934;3958;3959;4053;4318;4580;4644;4763;4860;4881;4889;4893;4923;5023;5028;5045;5046;5047;5054;5066;5208;5236;5265;5270;5289;5414;5443;5469;5481;5530;5538;5578;5595;5608;5617;5627;5657;5717;5718;5768;5836;5861;5870;5873;5880;5899;5908;6036;6093;6282;6283;6286;6385;6403;6507;6513;6515;6536;6556;6804;6809;6810;6843;6853;6865;6947;6993;7057;7076;7096;7099;7114;7128;7130;7226;7277;7450;7850;8291;8372;8398;8676;8754;8773;8825;8826;8836;8867;8876;8907;8941;9173;9341;9535;9572;9861;9900;10043;10092;10461;10490;10533;10565;10673;10802;10855;10970;11031;11267;22915;22931;23200;23218;23406;23557;23593;23601;25798;25801;25840;25953;26191;27183;29126;29887;50640;51043;51097;51192;51316;51411;51571;51706;51714;51719;51762;53831;54407;54536;54676;54795;56670;56729;56943;57126;57153;57555;57826;57835;58484;58485;64083;64114;64215;64780;65010;65018;79651;79792;79864;79930;80725;81579;81619;83452;83706;84418;84818;90550;93100;112476;114769;115827;116844;126014;127833;134957;137964;150372;153339;158747;199675;200931;222487;255057;338339;387921;389015;415116;440068;102725035,ENSG00000204936;ENSG00000196415;ENSG00000163959;ENSG00000104918;ENSG00000163221;ENSG00000197561;ENSG00000174175;ENSG00000124469;ENSG00000110934;ENSG00000118520;ENSG00000142185;ENSG00000169385;ENSG00000257017;ENSG00000127824;ENSG00000172007;ENSG00000183019;ENSG00000138772;ENSG00000166527;ENSG00000139572;ENSG00000153310;ENSG00000171860;ENSG00000123836;ENSG00000258227;ENSG00000204397;ENSG00000138798;ENSG00000127314;ENSG00000148346;ENSG00000101188;ENSG00000134827;ENSG00000205542;ENSG00000196083;ENSG00000100644;ENSG00000138722;ENSG00000204389;ENSG00000184500;ENSG00000163754;ENSG00000135919;ENSG00000021355;ENSG00000112299;ENSG00000029534;ENSG00000079385;ENSG00000120306;ENSG00000051620;ENSG00000130529;ENSG00000079215;ENSG00000175582;ENSG00000134294;ENSG00000148175;ENSG00000086300;ENSG00000145287;ENSG00000135404;ENSG00000137801;ENSG00000019991;ENSG00000172432;ENSG00000149516;ENSG00000167371;ENSG00000137869;ENSG00000058063;ENSG00000171236;ENSG00000120217;ENSG00000108679;ENSG00000115590;ENSG00000185432;ENSG00000169860;ENSG00000137563;ENSG00000186792;ENSG00000145730;ENSG00000081181;ENSG00000173083;ENSG00000110799;ENSG00000160883;ENSG00000108405;ENSG00000140479;ENSG00000153208;ENSG00000160796;ENSG00000111052;ENSG00000113615;ENSG00000174695;ENSG00000174125;ENSG00000066777;ENSG00000091106;ENSG00000117394;ENSG00000196352;ENSG00000102265;ENSG00000121691;ENSG00000136026;ENSG00000188687;ENSG00000134242;ENSG00000112062;ENSG00000130755;ENSG00000092531;ENSG00000111640;ENSG00000180251;ENSG00000100985;ENSG00000138814;ENSG00000255221;ENSG00000146094;ENSG00000018280;ENSG00000014216;ENSG00000010278;ENSG00000163823;ENSG00000110203;ENSG00000225697;ENSG00000159399;ENSG00000130303;ENSG00000123610;ENSG00000183044;ENSG00000172179;ENSG00000170909;ENSG00000159082;ENSG00000162704;ENSG00000163993;ENSG00000235568;ENSG00000163191;ENSG00000067900;ENSG00000104518;ENSG00000197249;ENSG00000137845;ENSG00000168615;ENSG00000136634;ENSG00000116260;ENSG00000100504;ENSG00000140575;ENSG00000008056;ENSG00000141012;ENSG00000131238;ENSG00000102524;ENSG00000213281;ENSG00000147813;ENSG00000169896;ENSG00000138190;ENSG00000135241;ENSG00000197535;ENSG00000109743;ENSG00000067560;ENSG00000198355;ENSG00000127838;ENSG00000100568;ENSG00000113749;ENSG00000115138;ENSG00000143119;ENSG00000198829;ENSG00000000938;ENSG00000188811;ENSG00000148926;ENSG00000171497;ENSG00000117984;ENSG00000158869;ENSG00000084234;ENSG00000143653;ENSG00000135926;ENSG00000136160;ENSG00000078142;ENSG00000170759;ENSG00000136869;ENSG00000096968;ENSG00000182885;ENSG00000123728;ENSG00000059804;ENSG00000077238;ENSG00000143858;ENSG00000135636;ENSG00000049245;ENSG00000069974;ENSG00000057608;ENSG00000131981;ENSG00000166128;ENSG00000171450;ENSG00000146425;ENSG00000117971;ENSG00000128271;ENSG00000189403;ENSG00000099625;ENSG00000110090;ENSG00000136770;ENSG00000160685;ENSG00000100243;ENSG00000124145;ENSG00000159348;ENSG00000103496;ENSG00000164129;ENSG00000108219;ENSG00000140564;ENSG00000135604;ENSG00000198805;ENSG00000120533;ENSG00000182511;ENSG00000135596;ENSG00000198843;ENSG00000103811;ENSG00000156026;ENSG00000119681;ENSG00000259207;ENSG00000168214;ENSG00000123739;ENSG00000129667;ENSG00000109944;ENSG00000149925;ENSG00000154229;ENSG00000113384;ENSG00000152932;ENSG00000196517;ENSG00000159210;ENSG00000159164;ENSG00000115271;ENSG00000101336;ENSG00000130150;ENSG00000079739;ENSG00000186716;ENSG00000106089;ENSG00000204577;ENSG00000158828;ENSG00000108387;ENSG00000103187;ENSG00000173171;ENSG00000184381;ENSG00000119782;ENSG00000177105;ENSG00000144118;ENSG00000163631;ENSG00000169418;ENSG00000149781;ENSG00000217555;ENSG00000132612;ENSG00000166900;ENSG00000158669;ENSG00000075073;ENSG00000164506;ENSG00000108984;ENSG00000103569;ENSG00000143553;ENSG00000126368;ENSG00000140678;ENSG00000106366;ENSG00000105737;ENSG00000170043;ENSG00000163636;ENSG00000164713;ENSG00000115602;ENSG00000102393;ENSG00000171560;ENSG00000197405;ENSG00000169992;ENSG00000118503;ENSG00000197548;ENSG00000168461;ENSG00000122133;ENSG00000135932;ENSG00000139190;ENSG00000143369;ENSG00000113525;ENSG00000196712;ENSG00000163702;ENSG00000129353;ENSG00000108671;ENSG00000143761;ENSG00000166710;ENSG00000128340;ENSG00000010671;ENSG00000102882;ENSG00000173020;ENSG00000071553;ENSG00000100284;ENSG00000138069;ENSG00000277363;ENSG00000156515;ENSG00000099246;ENSG00000125686;ENSG00000072958;ENSG00000163485;ENSG00000197170
GO:0032940,secretion by cell,http://amigo.geneontology.org/amigo/term/GO:0032940,1134,253,180.7712733856367,1.3995586536599696,1.9872132828169242e-9,3.21491364894122e-6,18;102;133;134;135;156;213;226;286;306;334;375;383;384;387;391;537;567;613;634;683;684;695;719;728;823;847;928;932;963;967;1088;1143;1230;1374;1432;1509;1512;1588;1604;1727;1893;1950;1991;1992;2040;2207;2242;2243;2268;2281;2352;2588;2597;2665;2717;2901;2992;3055;3082;3091;3098;3101;3146;3240;3303;3516;3556;3566;3567;3586;3684;3687;3690;3717;3799;3934;3958;3959;4053;4318;4644;4763;4860;4889;4893;4923;5023;5028;5045;5046;5047;5054;5066;5208;5236;5265;5270;5289;5414;5443;5481;5530;5538;5578;5595;5627;5657;5717;5718;5768;5836;5861;5870;5873;5880;5899;5908;6036;6093;6282;6283;6286;6385;6403;6507;6513;6515;6536;6556;6804;6809;6810;6843;6853;6865;6947;6993;7057;7076;7096;7099;7114;7128;7130;7226;7277;7450;7850;8291;8372;8398;8676;8754;8773;8825;8826;8836;8867;8876;8907;8941;9173;9341;9535;9572;9861;9900;10043;10092;10461;10490;10533;10565;10673;10802;10855;10970;11031;11267;22915;22931;23200;23218;23406;23557;23593;23601;25798;25801;25840;25953;26191;27183;29126;51043;51097;51192;51316;51411;51571;51706;51714;51719;51762;53831;54407;54536;54676;54795;56670;56729;56943;57126;57153;57555;57826;58484;58485;64083;64114;64215;64780;65018;79651;79792;79930;80725;81619;83452;83706;84418;84818;90550;93100;112476;114769;115827;116844;126014;127833;134957;150372;153339;158747;199675;222487;255057;338339;387921;415116;440068;102725035,ENSG00000204936;ENSG00000196415;ENSG00000104918;ENSG00000163221;ENSG00000197561;ENSG00000174175;ENSG00000124469;ENSG00000110934;ENSG00000118520;ENSG00000142185;ENSG00000169385;ENSG00000257017;ENSG00000127824;ENSG00000172007;ENSG00000183019;ENSG00000138772;ENSG00000166527;ENSG00000139572;ENSG00000153310;ENSG00000171860;ENSG00000123836;ENSG00000258227;ENSG00000204397;ENSG00000138798;ENSG00000127314;ENSG00000148346;ENSG00000101188;ENSG00000134827;ENSG00000205542;ENSG00000196083;ENSG00000100644;ENSG00000138722;ENSG00000204389;ENSG00000184500;ENSG00000163754;ENSG00000135919;ENSG00000021355;ENSG00000112299;ENSG00000029534;ENSG00000079385;ENSG00000120306;ENSG00000051620;ENSG00000130529;ENSG00000079215;ENSG00000175582;ENSG00000134294;ENSG00000148175;ENSG00000145287;ENSG00000135404;ENSG00000137801;ENSG00000019991;ENSG00000172432;ENSG00000149516;ENSG00000167371;ENSG00000137869;ENSG00000058063;ENSG00000171236;ENSG00000120217;ENSG00000108679;ENSG00000115590;ENSG00000185432;ENSG00000169860;ENSG00000137563;ENSG00000186792;ENSG00000145730;ENSG00000081181;ENSG00000173083;ENSG00000110799;ENSG00000160883;ENSG00000108405;ENSG00000140479;ENSG00000153208;ENSG00000160796;ENSG00000111052;ENSG00000113615;ENSG00000174695;ENSG00000174125;ENSG00000066777;ENSG00000091106;ENSG00000117394;ENSG00000196352;ENSG00000102265;ENSG00000121691;ENSG00000136026;ENSG00000134242;ENSG00000112062;ENSG00000130755;ENSG00000092531;ENSG00000111640;ENSG00000100985;ENSG00000138814;ENSG00000255221;ENSG00000146094;ENSG00000018280;ENSG00000014216;ENSG00000010278;ENSG00000163823;ENSG00000110203;ENSG00000130303;ENSG00000123610;ENSG00000183044;ENSG00000170909;ENSG00000159082;ENSG00000162704;ENSG00000163993;ENSG00000235568;ENSG00000163191;ENSG00000067900;ENSG00000104518;ENSG00000197249;ENSG00000137845;ENSG00000168615;ENSG00000136634;ENSG00000116260;ENSG00000100504;ENSG00000140575;ENSG00000008056;ENSG00000141012;ENSG00000131238;ENSG00000102524;ENSG00000213281;ENSG00000147813;ENSG00000169896;ENSG00000138190;ENSG00000197535;ENSG00000109743;ENSG00000067560;ENSG00000198355;ENSG00000127838;ENSG00000100568;ENSG00000115138;ENSG00000143119;ENSG00000198829;ENSG00000000938;ENSG00000188811;ENSG00000148926;ENSG00000171497;ENSG00000117984;ENSG00000158869;ENSG00000084234;ENSG00000143653;ENSG00000135926;ENSG00000078142;ENSG00000170759;ENSG00000136869;ENSG00000096968;ENSG00000182885;ENSG00000123728;ENSG00000059804;ENSG00000077238;ENSG00000143858;ENSG00000135636;ENSG00000049245;ENSG00000069974;ENSG00000057608;ENSG00000131981;ENSG00000166128;ENSG00000171450;ENSG00000146425;ENSG00000117971;ENSG00000128271;ENSG00000189403;ENSG00000099625;ENSG00000110090;ENSG00000136770;ENSG00000160685;ENSG00000100243;ENSG00000124145;ENSG00000159348;ENSG00000103496;ENSG00000164129;ENSG00000108219;ENSG00000140564;ENSG00000135604;ENSG00000198805;ENSG00000120533;ENSG00000182511;ENSG00000135596;ENSG00000198843;ENSG00000103811;ENSG00000156026;ENSG00000119681;ENSG00000259207;ENSG00000168214;ENSG00000129667;ENSG00000149925;ENSG00000154229;ENSG00000113384;ENSG00000152932;ENSG00000196517;ENSG00000159210;ENSG00000159164;ENSG00000115271;ENSG00000101336;ENSG00000130150;ENSG00000079739;ENSG00000186716;ENSG00000106089;ENSG00000204577;ENSG00000158828;ENSG00000108387;ENSG00000103187;ENSG00000184381;ENSG00000119782;ENSG00000177105;ENSG00000144118;ENSG00000163631;ENSG00000149781;ENSG00000217555;ENSG00000132612;ENSG00000166900;ENSG00000075073;ENSG00000164506;ENSG00000143553;ENSG00000126368;ENSG00000140678;ENSG00000106366;ENSG00000105737;ENSG00000170043;ENSG00000163636;ENSG00000164713;ENSG00000115602;ENSG00000102393;ENSG00000171560;ENSG00000197405;ENSG00000169992;ENSG00000118503;ENSG00000197548;ENSG00000168461;ENSG00000122133;ENSG00000135932;ENSG00000139190;ENSG00000143369;ENSG00000113525;ENSG00000196712;ENSG00000163702;ENSG00000129353;ENSG00000108671;ENSG00000143761;ENSG00000166710;ENSG00000128340;ENSG00000010671;ENSG00000102882;ENSG00000173020;ENSG00000071553;ENSG00000100284;ENSG00000138069;ENSG00000277363;ENSG00000156515;ENSG00000099246;ENSG00000072958;ENSG00000163485;ENSG00000197170
GO:0002274,myeloid leukocyte activation,http://amigo.geneontology.org/amigo/term/GO:0002274,569,139,90.70445728080007,1.5324494977097771,5.2853138532427124e-8,7.125483959813383e-5,102;226;306;383;387;391;567;613;634;683;684;695;719;728;823;847;932;963;967;1088;1143;1432;1509;1512;1604;1727;1991;1992;2040;2207;2242;2268;2352;2588;2665;2717;2992;3101;3146;3240;3303;3516;3566;3586;3684;3687;3934;3949;3958;4318;4495;4860;4893;5023;5236;5265;5657;5717;5718;5768;5819;5836;5870;5873;5880;5908;6036;6093;6282;6283;6286;6515;6556;6688;6810;6947;6993;7057;7096;7099;7130;7226;8291;8754;8773;8807;8826;8836;8876;8907;9173;9341;9535;9861;10043;10092;10397;10533;10538;10855;10970;11031;22931;23200;23210;23218;23406;23593;23601;25798;25801;25840;51316;51411;51719;53831;55509;56670;56729;57126;57153;57826;58485;64114;79155;79792;79930;81619;84418;93100;116844;126014;150372;158747;199675;222487;338339;387921;102725035,ENSG00000204936;ENSG00000196415;ENSG00000104918;ENSG00000163221;ENSG00000197561;ENSG00000124469;ENSG00000110934;ENSG00000118520;ENSG00000142185;ENSG00000169385;ENSG00000257017;ENSG00000183019;ENSG00000138772;ENSG00000166527;ENSG00000139572;ENSG00000171860;ENSG00000258227;ENSG00000127314;ENSG00000148346;ENSG00000134827;ENSG00000204389;ENSG00000163754;ENSG00000021355;ENSG00000112299;ENSG00000130164;ENSG00000079385;ENSG00000120306;ENSG00000051620;ENSG00000175582;ENSG00000148175;ENSG00000145287;ENSG00000135404;ENSG00000137801;ENSG00000149516;ENSG00000058063;ENSG00000171236;ENSG00000185432;ENSG00000137563;ENSG00000173083;ENSG00000160883;ENSG00000108405;ENSG00000160796;ENSG00000174125;ENSG00000196352;ENSG00000121691;ENSG00000136026;ENSG00000130202;ENSG00000112062;ENSG00000130755;ENSG00000092531;ENSG00000104419;ENSG00000100985;ENSG00000115607;ENSG00000146094;ENSG00000070495;ENSG00000018280;ENSG00000123685;ENSG00000014216;ENSG00000156127;ENSG00000110203;ENSG00000130303;ENSG00000123610;ENSG00000170909;ENSG00000162704;ENSG00000163993;ENSG00000235568;ENSG00000163191;ENSG00000125144;ENSG00000067900;ENSG00000104518;ENSG00000197249;ENSG00000137845;ENSG00000168615;ENSG00000136634;ENSG00000116260;ENSG00000100504;ENSG00000140575;ENSG00000141012;ENSG00000213281;ENSG00000147813;ENSG00000169896;ENSG00000109743;ENSG00000067560;ENSG00000143119;ENSG00000198829;ENSG00000000938;ENSG00000188811;ENSG00000117984;ENSG00000066336;ENSG00000158869;ENSG00000135926;ENSG00000136869;ENSG00000182885;ENSG00000123728;ENSG00000059804;ENSG00000077238;ENSG00000135636;ENSG00000049245;ENSG00000069974;ENSG00000057608;ENSG00000131981;ENSG00000146425;ENSG00000117971;ENSG00000189403;ENSG00000100243;ENSG00000103496;ENSG00000108219;ENSG00000198805;ENSG00000182511;ENSG00000103811;ENSG00000168214;ENSG00000149925;ENSG00000115271;ENSG00000130150;ENSG00000079739;ENSG00000186716;ENSG00000204577;ENSG00000103187;ENSG00000177105;ENSG00000140678;ENSG00000170043;ENSG00000163636;ENSG00000164713;ENSG00000115602;ENSG00000102393;ENSG00000197405;ENSG00000197548;ENSG00000168461;ENSG00000135932;ENSG00000129353;ENSG00000108671;ENSG00000166710;ENSG00000128340;ENSG00000010671;ENSG00000168884;ENSG00000100284;ENSG00000099246;ENSG00000072958;ENSG00000197170
GO:0006887,exocytosis,http://amigo.geneontology.org/amigo/term/GO:0006887,732,181,116.68833520131047,1.5511404776470519,1.5178369672241843e-10,1.2277783227876427e-6,102;135;213;226;286;306;334;375;383;387;391;537;567;613;634;683;684;695;719;728;823;847;928;932;963;967;1088;1143;1230;1432;1509;1512;1604;1727;1893;1950;1991;1992;2040;2207;2242;2243;2268;2352;2588;2665;2717;2901;2992;3055;3082;3101;3146;3240;3303;3566;3684;3687;3690;3934;3958;3959;4318;4644;4860;4893;5023;5028;5054;5236;5265;5414;5627;5657;5717;5718;5768;5836;5870;5873;5880;5899;5908;6036;6093;6282;6283;6286;6385;6403;6515;6556;6804;6809;6810;6843;6853;6947;6993;7057;7076;7114;7130;7226;7277;7450;8372;8398;8676;8773;8825;8826;8836;8867;8876;8907;8941;9341;9535;9861;9900;10043;10092;10490;10533;10565;10855;10970;11031;11267;22915;22931;23200;23218;23406;23557;23593;23601;25798;25801;25840;27183;51097;51316;51411;51571;51706;51719;51762;53831;54536;54676;56729;57126;57153;57826;58485;64114;64780;79792;79930;80725;81619;83452;83706;84418;93100;112476;115827;116844;126014;127833;134957;150372;158747;199675;222487;255057;338339;387921;102725035,ENSG00000204936;ENSG00000196415;ENSG00000104918;ENSG00000163221;ENSG00000197561;ENSG00000174175;ENSG00000124469;ENSG00000110934;ENSG00000118520;ENSG00000142185;ENSG00000169385;ENSG00000257017;ENSG00000127824;ENSG00000172007;ENSG00000183019;ENSG00000138772;ENSG00000166527;ENSG00000139572;ENSG00000153310;ENSG00000171860;ENSG00000258227;ENSG00000138798;ENSG00000127314;ENSG00000148346;ENSG00000134827;ENSG00000205542;ENSG00000138722;ENSG00000204389;ENSG00000184500;ENSG00000163754;ENSG00000021355;ENSG00000112299;ENSG00000029534;ENSG00000079385;ENSG00000120306;ENSG00000051620;ENSG00000175582;ENSG00000148175;ENSG00000145287;ENSG00000135404;ENSG00000137801;ENSG00000019991;ENSG00000172432;ENSG00000149516;ENSG00000167371;ENSG00000058063;ENSG00000171236;ENSG00000108679;ENSG00000185432;ENSG00000169860;ENSG00000137563;ENSG00000186792;ENSG00000173083;ENSG00000110799;ENSG00000160883;ENSG00000108405;ENSG00000160796;ENSG00000111052;ENSG00000066777;ENSG00000196352;ENSG00000102265;ENSG00000121691;ENSG00000136026;ENSG00000112062;ENSG00000130755;ENSG00000092531;ENSG00000100985;ENSG00000146094;ENSG00000018280;ENSG00000014216;ENSG00000010278;ENSG00000163823;ENSG00000110203;ENSG00000130303;ENSG00000123610;ENSG00000170909;ENSG00000159082;ENSG00000162704;ENSG00000163993;ENSG00000235568;ENSG00000163191;ENSG00000067900;ENSG00000104518;ENSG00000197249;ENSG00000137845;ENSG00000116260;ENSG00000100504;ENSG00000140575;ENSG00000008056;ENSG00000141012;ENSG00000213281;ENSG00000147813;ENSG00000169896;ENSG00000138190;ENSG00000197535;ENSG00000109743;ENSG00000067560;ENSG00000100568;ENSG00000143119;ENSG00000000938;ENSG00000188811;ENSG00000117984;ENSG00000158869;ENSG00000084234;ENSG00000143653;ENSG00000135926;ENSG00000182885;ENSG00000123728;ENSG00000059804;ENSG00000077238;ENSG00000143858;ENSG00000049245;ENSG00000069974;ENSG00000057608;ENSG00000131981;ENSG00000166128;ENSG00000171450;ENSG00000146425;ENSG00000117971;ENSG00000128271;ENSG00000189403;ENSG00000099625;ENSG00000100243;ENSG00000124145;ENSG00000159348;ENSG00000103496;ENSG00000108219;ENSG00000135604;ENSG00000198805;ENSG00000182511;ENSG00000135596;ENSG00000103811;ENSG00000259207;ENSG00000149925;ENSG00000152932;ENSG00000159210;ENSG00000159164;ENSG00000115271;ENSG00000101336;ENSG00000130150;ENSG00000079739;ENSG00000186716;ENSG00000106089;ENSG00000204577;ENSG00000108387;ENSG00000103187;ENSG00000184381;ENSG00000177105;ENSG00000144118;ENSG00000163631;ENSG00000149781;ENSG00000132612;ENSG00000166900;ENSG00000164506;ENSG00000143553;ENSG00000140678;ENSG00000106366;ENSG00000105737;ENSG00000170043;ENSG00000163636;ENSG00000164713;ENSG00000102393;ENSG00000171560;ENSG00000197405;ENSG00000197548;ENSG00000168461;ENSG00000135932;ENSG00000139190;ENSG00000143369;ENSG00000129353;ENSG00000108671;ENSG00000143761;ENSG00000166710;ENSG00000128340;ENSG00000010671;ENSG00000071553;ENSG00000100284;ENSG00000277363;ENSG00000099246;ENSG00000072958;ENSG00000197170
GO:0002275,myeloid cell activation involved in immune response,http://amigo.geneontology.org/amigo/term/GO:0002275,492,122,78.42986464350375,1.555529906299604,1.5034171108041505e-7,8.71723724697301e-5,102;226;306;383;387;391;567;613;634;683;684;695;719;728;823;847;932;963;967;1088;1143;1432;1509;1512;1604;1727;1991;1992;2040;2207;2242;2268;2352;2588;2665;2717;2992;3101;3146;3240;3303;3566;3684;3687;3934;3958;4318;4860;4893;5023;5236;5265;5657;5717;5718;5768;5836;5870;5873;5880;5908;6036;6093;6282;6283;6286;6515;6556;6810;6947;6993;7130;7226;8291;8773;8826;8836;8876;8907;9341;9535;9861;10043;10092;10533;10855;10970;11031;22931;23200;23218;23406;23593;23601;25798;25801;25840;51316;51411;51719;53831;56670;56729;57126;57153;57826;58485;64114;79792;79930;81619;84418;93100;116844;126014;150372;158747;199675;222487;338339;387921;102725035,ENSG00000204936;ENSG00000196415;ENSG00000104918;ENSG00000163221;ENSG00000197561;ENSG00000124469;ENSG00000110934;ENSG00000118520;ENSG00000142185;ENSG00000169385;ENSG00000257017;ENSG00000183019;ENSG00000138772;ENSG00000166527;ENSG00000139572;ENSG00000171860;ENSG00000258227;ENSG00000127314;ENSG00000148346;ENSG00000134827;ENSG00000204389;ENSG00000163754;ENSG00000021355;ENSG00000112299;ENSG00000079385;ENSG00000120306;ENSG00000051620;ENSG00000175582;ENSG00000148175;ENSG00000145287;ENSG00000135404;ENSG00000149516;ENSG00000058063;ENSG00000171236;ENSG00000185432;ENSG00000137563;ENSG00000173083;ENSG00000160883;ENSG00000108405;ENSG00000160796;ENSG00000196352;ENSG00000121691;ENSG00000136026;ENSG00000112062;ENSG00000130755;ENSG00000092531;ENSG00000100985;ENSG00000146094;ENSG00000018280;ENSG00000014216;ENSG00000110203;ENSG00000130303;ENSG00000123610;ENSG00000170909;ENSG00000162704;ENSG00000163993;ENSG00000235568;ENSG00000163191;ENSG00000067900;ENSG00000104518;ENSG00000197249;ENSG00000137845;ENSG00000116260;ENSG00000100504;ENSG00000140575;ENSG00000141012;ENSG00000213281;ENSG00000147813;ENSG00000169896;ENSG00000109743;ENSG00000067560;ENSG00000143119;ENSG00000198829;ENSG00000000938;ENSG00000188811;ENSG00000117984;ENSG00000158869;ENSG00000135926;ENSG00000182885;ENSG00000123728;ENSG00000059804;ENSG00000077238;ENSG00000135636;ENSG00000049245;ENSG00000069974;ENSG00000057608;ENSG00000131981;ENSG00000146425;ENSG00000117971;ENSG00000189403;ENSG00000100243;ENSG00000103496;ENSG00000108219;ENSG00000198805;ENSG00000182511;ENSG00000103811;ENSG00000149925;ENSG00000115271;ENSG00000130150;ENSG00000079739;ENSG00000186716;ENSG00000204577;ENSG00000103187;ENSG00000177105;ENSG00000140678;ENSG00000170043;ENSG00000163636;ENSG00000164713;ENSG00000102393;ENSG00000197405;ENSG00000197548;ENSG00000168461;ENSG00000135932;ENSG00000129353;ENSG00000108671;ENSG00000166710;ENSG00000128340;ENSG00000010671;ENSG00000100284;ENSG00000099246;ENSG00000072958;ENSG00000197170
GO:0043299,leukocyte degranulation,http://amigo.geneontology.org/amigo/term/GO:0043299,487,121,77.63281317354945,1.5586192880773557,1.508731876098679e-7,8.71723724697301e-5,102;226;306;383;387;391;567;613;634;683;684;695;719;728;823;847;932;963;967;1088;1143;1432;1509;1512;1604;1727;1991;1992;2040;2207;2242;2268;2352;2588;2665;2717;2992;3055;3101;3146;3240;3303;3566;3684;3687;3934;3958;4318;4860;4893;5023;5236;5265;5657;5717;5718;5768;5836;5870;5873;5880;5908;6036;6093;6282;6283;6286;6515;6556;6810;6947;6993;7130;7226;8773;8826;8836;8876;8907;9341;9535;9861;10043;10092;10533;10855;10970;11031;22931;23200;23218;23406;23593;23601;25798;25801;25840;51316;51411;51719;53831;56729;57126;57153;57826;58485;64114;79792;79930;81619;84418;93100;116844;126014;150372;158747;199675;222487;338339;387921;102725035,ENSG00000204936;ENSG00000196415;ENSG00000104918;ENSG00000163221;ENSG00000197561;ENSG00000124469;ENSG00000110934;ENSG00000118520;ENSG00000142185;ENSG00000169385;ENSG00000257017;ENSG00000183019;ENSG00000138772;ENSG00000166527;ENSG00000139572;ENSG00000171860;ENSG00000258227;ENSG00000127314;ENSG00000148346;ENSG00000134827;ENSG00000204389;ENSG00000163754;ENSG00000021355;ENSG00000112299;ENSG00000079385;ENSG00000120306;ENSG00000051620;ENSG00000175582;ENSG00000148175;ENSG00000145287;ENSG00000135404;ENSG00000149516;ENSG00000058063;ENSG00000171236;ENSG00000185432;ENSG00000137563;ENSG00000173083;ENSG00000160883;ENSG00000108405;ENSG00000160796;ENSG00000196352;ENSG00000121691;ENSG00000136026;ENSG00000112062;ENSG00000130755;ENSG00000092531;ENSG00000100985;ENSG00000146094;ENSG00000018280;ENSG00000014216;ENSG00000110203;ENSG00000130303;ENSG00000123610;ENSG00000170909;ENSG00000162704;ENSG00000163993;ENSG00000235568;ENSG00000163191;ENSG00000067900;ENSG00000104518;ENSG00000197249;ENSG00000137845;ENSG00000116260;ENSG00000100504;ENSG00000140575;ENSG00000141012;ENSG00000213281;ENSG00000147813;ENSG00000169896;ENSG00000109743;ENSG00000067560;ENSG00000143119;ENSG00000000938;ENSG00000188811;ENSG00000117984;ENSG00000158869;ENSG00000135926;ENSG00000182885;ENSG00000123728;ENSG00000059804;ENSG00000077238;ENSG00000049245;ENSG00000069974;ENSG00000057608;ENSG00000131981;ENSG00000146425;ENSG00000117971;ENSG00000189403;ENSG00000100243;ENSG00000103496;ENSG00000108219;ENSG00000198805;ENSG00000182511;ENSG00000103811;ENSG00000149925;ENSG00000115271;ENSG00000101336;ENSG00000130150;ENSG00000079739;ENSG00000186716;ENSG00000204577;ENSG00000103187;ENSG00000177105;ENSG00000140678;ENSG00000170043;ENSG00000163636;ENSG00000164713;ENSG00000102393;ENSG00000197405;ENSG00000197548;ENSG00000168461;ENSG00000135932;ENSG00000129353;ENSG00000108671;ENSG00000166710;ENSG00000128340;ENSG00000010671;ENSG00000100284;ENSG00000099246;ENSG00000072958;ENSG00000197170
GO:0045055,regulated exocytosis,http://amigo.geneontology.org/amigo/term/GO:0045055,651,163,103.7761013880507,1.5706891839238877,4.994453739470828e-10,1.7012190758336487e-6,102;135;213;226;306;334;375;383;387;391;567;613;634;683;684;695;719;728;823;847;928;932;963;967;1088;1143;1432;1509;1512;1604;1727;1893;1950;1991;1992;2040;2207;2242;2243;2268;2352;2588;2665;2717;2901;2992;3055;3082;3101;3146;3240;3303;3566;3684;3687;3690;3934;3958;3959;4318;4860;4893;5023;5028;5054;5236;5265;5627;5657;5717;5718;5768;5836;5870;5873;5880;5908;6036;6093;6282;6283;6286;6403;6515;6556;6804;6809;6810;6843;6853;6947;6993;7057;7076;7114;7130;7226;7277;7450;8372;8676;8773;8826;8836;8867;8876;8907;8941;9341;9535;9861;9900;10043;10092;10490;10533;10855;10970;11031;22915;22931;23200;23218;23406;23557;23593;23601;25798;25801;25840;51097;51316;51411;51571;51706;51719;53831;54676;56729;57126;57153;57826;58485;64114;64780;79792;79930;81619;83706;84418;93100;112476;116844;126014;127833;150372;158747;199675;222487;255057;338339;387921;102725035,ENSG00000204936;ENSG00000196415;ENSG00000104918;ENSG00000163221;ENSG00000197561;ENSG00000174175;ENSG00000124469;ENSG00000110934;ENSG00000118520;ENSG00000142185;ENSG00000169385;ENSG00000257017;ENSG00000127824;ENSG00000183019;ENSG00000138772;ENSG00000166527;ENSG00000139572;ENSG00000153310;ENSG00000171860;ENSG00000258227;ENSG00000138798;ENSG00000127314;ENSG00000148346;ENSG00000134827;ENSG00000205542;ENSG00000138722;ENSG00000204389;ENSG00000184500;ENSG00000163754;ENSG00000021355;ENSG00000112299;ENSG00000079385;ENSG00000120306;ENSG00000051620;ENSG00000175582;ENSG00000148175;ENSG00000145287;ENSG00000135404;ENSG00000137801;ENSG00000019991;ENSG00000172432;ENSG00000149516;ENSG00000167371;ENSG00000058063;ENSG00000171236;ENSG00000108679;ENSG00000185432;ENSG00000169860;ENSG00000137563;ENSG00000186792;ENSG00000173083;ENSG00000110799;ENSG00000160883;ENSG00000108405;ENSG00000160796;ENSG00000196352;ENSG00000102265;ENSG00000121691;ENSG00000136026;ENSG00000112062;ENSG00000130755;ENSG00000092531;ENSG00000100985;ENSG00000146094;ENSG00000018280;ENSG00000014216;ENSG00000010278;ENSG00000110203;ENSG00000130303;ENSG00000123610;ENSG00000170909;ENSG00000159082;ENSG00000162704;ENSG00000163993;ENSG00000235568;ENSG00000163191;ENSG00000067900;ENSG00000104518;ENSG00000197249;ENSG00000137845;ENSG00000116260;ENSG00000100504;ENSG00000140575;ENSG00000008056;ENSG00000141012;ENSG00000213281;ENSG00000147813;ENSG00000169896;ENSG00000109743;ENSG00000067560;ENSG00000100568;ENSG00000143119;ENSG00000000938;ENSG00000188811;ENSG00000117984;ENSG00000158869;ENSG00000084234;ENSG00000143653;ENSG00000135926;ENSG00000182885;ENSG00000123728;ENSG00000059804;ENSG00000077238;ENSG00000143858;ENSG00000049245;ENSG00000069974;ENSG00000057608;ENSG00000131981;ENSG00000171450;ENSG00000146425;ENSG00000117971;ENSG00000128271;ENSG00000189403;ENSG00000099625;ENSG00000100243;ENSG00000159348;ENSG00000103496;ENSG00000108219;ENSG00000135604;ENSG00000198805;ENSG00000182511;ENSG00000135596;ENSG00000103811;ENSG00000259207;ENSG00000149925;ENSG00000159164;ENSG00000115271;ENSG00000101336;ENSG00000130150;ENSG00000079739;ENSG00000186716;ENSG00000106089;ENSG00000204577;ENSG00000103187;ENSG00000177105;ENSG00000163631;ENSG00000149781;ENSG00000166900;ENSG00000143553;ENSG00000140678;ENSG00000106366;ENSG00000105737;ENSG00000170043;ENSG00000163636;ENSG00000164713;ENSG00000102393;ENSG00000171560;ENSG00000197405;ENSG00000197548;ENSG00000168461;ENSG00000135932;ENSG00000139190;ENSG00000143369;ENSG00000129353;ENSG00000108671;ENSG00000143761;ENSG00000166710;ENSG00000128340;ENSG00000010671;ENSG00000100284;ENSG00000099246;ENSG00000072958;ENSG00000197170
GO:0036230,granulocyte activation,http://amigo.geneontology.org/amigo/term/GO:0036230,461,116,73.48814552978706,1.5784858790998004,1.3429477374593546e-7,8.71723724697301e-5,102;226;306;383;387;391;567;613;634;683;684;719;728;823;847;932;963;967;1088;1143;1432;1509;1512;1604;1727;1991;1992;2040;2207;2268;2352;2588;2665;2717;2992;3101;3146;3240;3303;3684;3687;3934;3958;4318;4860;4893;5023;5236;5265;5657;5717;5718;5768;5836;5870;5873;5908;6036;6093;6282;6283;6286;6515;6556;6810;6947;6993;7130;7226;8773;8807;8826;8836;8876;8907;9535;9861;10043;10092;10533;10855;10970;11031;22931;23200;23218;23406;23593;23601;25798;25801;25840;51316;51411;51719;53831;56729;57126;57153;57826;58485;64114;79792;79930;81619;84418;93100;116844;126014;150372;158747;199675;222487;338339;387921;102725035,ENSG00000204936;ENSG00000196415;ENSG00000104918;ENSG00000163221;ENSG00000197561;ENSG00000124469;ENSG00000110934;ENSG00000118520;ENSG00000142185;ENSG00000169385;ENSG00000257017;ENSG00000183019;ENSG00000138772;ENSG00000166527;ENSG00000139572;ENSG00000171860;ENSG00000258227;ENSG00000127314;ENSG00000148346;ENSG00000134827;ENSG00000204389;ENSG00000163754;ENSG00000021355;ENSG00000112299;ENSG00000079385;ENSG00000120306;ENSG00000051620;ENSG00000175582;ENSG00000148175;ENSG00000145287;ENSG00000135404;ENSG00000149516;ENSG00000058063;ENSG00000171236;ENSG00000185432;ENSG00000137563;ENSG00000173083;ENSG00000160883;ENSG00000108405;ENSG00000160796;ENSG00000196352;ENSG00000121691;ENSG00000136026;ENSG00000112062;ENSG00000130755;ENSG00000092531;ENSG00000100985;ENSG00000115607;ENSG00000146094;ENSG00000018280;ENSG00000014216;ENSG00000110203;ENSG00000130303;ENSG00000123610;ENSG00000170909;ENSG00000162704;ENSG00000163993;ENSG00000235568;ENSG00000163191;ENSG00000067900;ENSG00000104518;ENSG00000197249;ENSG00000137845;ENSG00000116260;ENSG00000100504;ENSG00000140575;ENSG00000141012;ENSG00000213281;ENSG00000147813;ENSG00000169896;ENSG00000109743;ENSG00000067560;ENSG00000143119;ENSG00000000938;ENSG00000188811;ENSG00000117984;ENSG00000158869;ENSG00000135926;ENSG00000182885;ENSG00000123728;ENSG00000059804;ENSG00000069974;ENSG00000057608;ENSG00000131981;ENSG00000146425;ENSG00000117971;ENSG00000189403;ENSG00000100243;ENSG00000103496;ENSG00000108219;ENSG00000198805;ENSG00000103811;ENSG00000149925;ENSG00000115271;ENSG00000130150;ENSG00000079739;ENSG00000186716;ENSG00000204577;ENSG00000103187;ENSG00000177105;ENSG00000140678;ENSG00000170043;ENSG00000163636;ENSG00000164713;ENSG00000102393;ENSG00000197405;ENSG00000197548;ENSG00000168461;ENSG00000135932;ENSG00000129353;ENSG00000108671;ENSG00000166710;ENSG00000100284;ENSG00000099246;ENSG00000072958;ENSG00000197170
GO:0042119,neutrophil activation,http://amigo.geneontology.org/amigo/term/GO:0042119,456,115,72.69109405983275,1.5820369948668316,1.3407776777718539e-7,8.71723724697301e-5,102;226;306;383;387;391;567;613;634;683;684;719;728;823;847;932;963;967;1088;1143;1432;1509;1512;1604;1727;1991;1992;2040;2207;2268;2352;2588;2665;2717;2992;3101;3146;3240;3303;3684;3687;3934;3958;4318;4860;4893;5023;5236;5265;5657;5717;5718;5768;5836;5870;5873;5908;6036;6093;6282;6283;6286;6515;6556;6947;6993;7130;7226;8773;8807;8826;8836;8876;8907;9535;9861;10043;10092;10533;10855;10970;11031;22931;23200;23218;23406;23593;23601;25798;25801;25840;51316;51411;51719;53831;56729;57126;57153;57826;58485;64114;79792;79930;81619;84418;93100;116844;126014;150372;158747;199675;222487;338339;387921;102725035,ENSG00000204936;ENSG00000196415;ENSG00000104918;ENSG00000163221;ENSG00000197561;ENSG00000124469;ENSG00000110934;ENSG00000118520;ENSG00000142185;ENSG00000169385;ENSG00000257017;ENSG00000183019;ENSG00000138772;ENSG00000166527;ENSG00000139572;ENSG00000171860;ENSG00000258227;ENSG00000127314;ENSG00000148346;ENSG00000134827;ENSG00000204389;ENSG00000163754;ENSG00000021355;ENSG00000112299;ENSG00000079385;ENSG00000120306;ENSG00000051620;ENSG00000175582;ENSG00000148175;ENSG00000145287;ENSG00000135404;ENSG00000149516;ENSG00000058063;ENSG00000171236;ENSG00000185432;ENSG00000137563;ENSG00000173083;ENSG00000160883;ENSG00000108405;ENSG00000160796;ENSG00000196352;ENSG00000121691;ENSG00000136026;ENSG00000112062;ENSG00000130755;ENSG00000092531;ENSG00000100985;ENSG00000115607;ENSG00000146094;ENSG00000018280;ENSG00000014216;ENSG00000110203;ENSG00000130303;ENSG00000123610;ENSG00000170909;ENSG00000162704;ENSG00000163993;ENSG00000235568;ENSG00000163191;ENSG00000067900;ENSG00000104518;ENSG00000197249;ENSG00000137845;ENSG00000116260;ENSG00000100504;ENSG00000140575;ENSG00000141012;ENSG00000213281;ENSG00000147813;ENSG00000169896;ENSG00000109743;ENSG00000067560;ENSG00000143119;ENSG00000000938;ENSG00000188811;ENSG00000117984;ENSG00000158869;ENSG00000135926;ENSG00000182885;ENSG00000123728;ENSG00000059804;ENSG00000069974;ENSG00000057608;ENSG00000131981;ENSG00000146425;ENSG00000117971;ENSG00000189403;ENSG00000100243;ENSG00000108219;ENSG00000198805;ENSG00000103811;ENSG00000149925;ENSG00000115271;ENSG00000130150;ENSG00000079739;ENSG00000186716;ENSG00000204577;ENSG00000103187;ENSG00000177105;ENSG00000140678;ENSG00000170043;ENSG00000163636;ENSG00000164713;ENSG00000102393;ENSG00000197405;ENSG00000197548;ENSG00000168461;ENSG00000135932;ENSG00000129353;ENSG00000108671;ENSG00000166710;ENSG00000100284;ENSG00000099246;ENSG00000072958;ENSG00000197170
GO:0009611,response to wounding,http://amigo.geneontology.org/amigo/term/GO:0009611,463,117,73.80696611776878,1.5852162221830257,9.261627487155977e-8,8.324144971511633e-5,18;133;135;383;387;409;634;677;706;829;830;891;928;977;983;1026;1027;1192;1230;1719;1839;2069;2161;2192;2207;2243;2281;2623;2769;2776;2811;3020;3046;3087;3091;3146;3315;3586;3611;3660;3690;3717;3936;3956;4097;4149;4638;4763;4778;5023;5028;5054;5055;5081;5265;5270;5290;5530;5566;5578;5595;5627;5657;5728;5782;5802;5873;5890;6385;6403;6507;6556;6790;6868;6915;7035;7046;7057;7076;7099;7128;7450;7534;8291;8527;9002;9158;10362;10461;10565;10627;10672;10855;10938;11057;11235;22876;22915;26127;29071;29956;51206;51266;51317;56963;57126;57413;58189;64780;79001;81029;83706;136319;139818;349565;375033;100526772,ENSG00000204936;ENSG00000196415;ENSG00000213931;ENSG00000116489;ENSG00000174175;ENSG00000118520;ENSG00000121933;ENSG00000187800;ENSG00000103175;ENSG00000100644;ENSG00000138722;ENSG00000184500;ENSG00000113070;ENSG00000135919;ENSG00000127533;ENSG00000079385;ENSG00000079215;ENSG00000185650;ENSG00000165682;ENSG00000137801;ENSG00000100097;ENSG00000170312;ENSG00000169860;ENSG00000120063;ENSG00000087586;ENSG00000177697;ENSG00000131187;ENSG00000111790;ENSG00000166333;ENSG00000106799;ENSG00000173083;ENSG00000121879;ENSG00000110799;ENSG00000108405;ENSG00000006638;ENSG00000153208;ENSG00000114209;ENSG00000152804;ENSG00000141480;ENSG00000066777;ENSG00000163041;ENSG00000102265;ENSG00000156052;ENSG00000065534;ENSG00000197632;ENSG00000105887;ENSG00000138814;ENSG00000106211;ENSG00000018280;ENSG00000100300;ENSG00000010278;ENSG00000163823;ENSG00000060558;ENSG00000123405;ENSG00000183044;ENSG00000003436;ENSG00000172500;ENSG00000197063;ENSG00000197249;ENSG00000198825;ENSG00000136634;ENSG00000088053;ENSG00000102145;ENSG00000185245;ENSG00000163864;ENSG00000077044;ENSG00000067560;ENSG00000124762;ENSG00000111186;ENSG00000148926;ENSG00000158869;ENSG00000072062;ENSG00000111276;ENSG00000127947;ENSG00000136869;ENSG00000096968;ENSG00000135636;ENSG00000069974;ENSG00000134057;ENSG00000248592;ENSG00000128271;ENSG00000189403;ENSG00000125952;ENSG00000101608;ENSG00000124145;ENSG00000171155;ENSG00000167397;ENSG00000228716;ENSG00000164924;ENSG00000213719;ENSG00000135596;ENSG00000140526;ENSG00000077942;ENSG00000259207;ENSG00000009709;ENSG00000154229;ENSG00000182185;ENSG00000168310;ENSG00000105426;ENSG00000135365;ENSG00000119782;ENSG00000171862;ENSG00000064961;ENSG00000149781;ENSG00000124882;ENSG00000182175;ENSG00000106366;ENSG00000110047;ENSG00000151694;ENSG00000171560;ENSG00000118503;ENSG00000143418;ENSG00000198898;ENSG00000196712;ENSG00000102882;ENSG00000136167;ENSG00000147251
GO:0002446,neutrophil mediated immunity,http://amigo.geneontology.org/amigo/term/GO:0002446,455,115,72.53168376584189,1.5855139992511542,1.1833709812059112e-7,8.71723724697301e-5,102;226;306;383;387;391;567;613;634;683;684;719;728;823;847;932;963;967;1088;1143;1432;1509;1512;1604;1727;1991;1992;2040;2207;2268;2352;2588;2665;2717;2992;3101;3146;3240;3303;3684;3687;3934;3958;4318;4860;4893;5023;5236;5265;5657;5717;5718;5768;5836;5870;5873;5908;6036;6093;6282;6283;6286;6515;6556;6868;6947;6993;7130;7226;8773;8826;8836;8876;8907;9535;9861;10043;10092;10533;10855;10970;11031;22931;23200;23218;23406;23593;23601;25798;25801;25840;51316;51411;51719;53831;56729;57126;57153;57826;58485;64114;79792;79930;81619;84418;93100;116844;126014;150372;158747;199675;222487;338339;387921;102725035,ENSG00000204936;ENSG00000196415;ENSG00000104918;ENSG00000163221;ENSG00000197561;ENSG00000124469;ENSG00000110934;ENSG00000118520;ENSG00000142185;ENSG00000169385;ENSG00000257017;ENSG00000183019;ENSG00000138772;ENSG00000166527;ENSG00000139572;ENSG00000171860;ENSG00000258227;ENSG00000127314;ENSG00000148346;ENSG00000134827;ENSG00000204389;ENSG00000163754;ENSG00000021355;ENSG00000112299;ENSG00000079385;ENSG00000120306;ENSG00000051620;ENSG00000175582;ENSG00000148175;ENSG00000145287;ENSG00000135404;ENSG00000149516;ENSG00000058063;ENSG00000171236;ENSG00000185432;ENSG00000137563;ENSG00000173083;ENSG00000160883;ENSG00000108405;ENSG00000160796;ENSG00000196352;ENSG00000121691;ENSG00000136026;ENSG00000112062;ENSG00000130755;ENSG00000092531;ENSG00000100985;ENSG00000146094;ENSG00000018280;ENSG00000014216;ENSG00000110203;ENSG00000130303;ENSG00000123610;ENSG00000170909;ENSG00000162704;ENSG00000163993;ENSG00000235568;ENSG00000163191;ENSG00000067900;ENSG00000104518;ENSG00000197249;ENSG00000137845;ENSG00000116260;ENSG00000100504;ENSG00000140575;ENSG00000141012;ENSG00000213281;ENSG00000147813;ENSG00000169896;ENSG00000109743;ENSG00000067560;ENSG00000143119;ENSG00000000938;ENSG00000188811;ENSG00000117984;ENSG00000158869;ENSG00000135926;ENSG00000182885;ENSG00000123728;ENSG00000059804;ENSG00000069974;ENSG00000057608;ENSG00000131981;ENSG00000146425;ENSG00000117971;ENSG00000189403;ENSG00000100243;ENSG00000108219;ENSG00000198805;ENSG00000103811;ENSG00000149925;ENSG00000115271;ENSG00000130150;ENSG00000079739;ENSG00000186716;ENSG00000204577;ENSG00000103187;ENSG00000177105;ENSG00000140678;ENSG00000170043;ENSG00000163636;ENSG00000151694;ENSG00000164713;ENSG00000102393;ENSG00000197405;ENSG00000197548;ENSG00000168461;ENSG00000135932;ENSG00000129353;ENSG00000108671;ENSG00000166710;ENSG00000100284;ENSG00000099246;ENSG00000072958;ENSG00000197170
GO:0002283,neutrophil activation involved in immune response,http://amigo.geneontology.org/amigo/term/GO:0002283,447,114,71.25640141,1.599856261864748,8.054485822750479e-8,8.144091977528578e-5,102;226;306;383;387;391;567;613;634;683;684;719;728;823;847;932;963;967;1088;1143;1432;1509;1512;1604;1727;1991;1992;2040;2207;2268;2352;2588;2665;2717;2992;3101;3146;3240;3303;3684;3687;3934;3958;4318;4860;4893;5023;5236;5265;5657;5717;5718;5768;5836;5870;5873;5908;6036;6093;6282;6283;6286;6515;6556;6947;6993;7130;7226;8773;8826;8836;8876;8907;9535;9861;10043;10092;10533;10855;10970;11031;22931;23200;23218;23406;23593;23601;25798;25801;25840;51316;51411;51719;53831;56729;57126;57153;57826;58485;64114;79792;79930;81619;84418;93100;116844;126014;150372;158747;199675;222487;338339;387921;102725035,ENSG00000204936;ENSG00000196415;ENSG00000104918;ENSG00000163221;ENSG00000197561;ENSG00000124469;ENSG00000110934;ENSG00000118520;ENSG00000142185;ENSG00000169385;ENSG00000257017;ENSG00000183019;ENSG00000138772;ENSG00000166527;ENSG00000139572;ENSG00000171860;ENSG00000258227;ENSG00000127314;ENSG00000148346;ENSG00000134827;ENSG00000204389;ENSG00000163754;ENSG00000021355;ENSG00000112299;ENSG00000079385;ENSG00000120306;ENSG00000051620;ENSG00000175582;ENSG00000148175;ENSG00000145287;ENSG00000135404;ENSG00000149516;ENSG00000058063;ENSG00000171236;ENSG00000185432;ENSG00000137563;ENSG00000173083;ENSG00000160883;ENSG00000108405;ENSG00000160796;ENSG00000196352;ENSG00000121691;ENSG00000136026;ENSG00000112062;ENSG00000130755;ENSG00000092531;ENSG00000100985;ENSG00000146094;ENSG00000018280;ENSG00000014216;ENSG00000110203;ENSG00000130303;ENSG00000123610;ENSG00000170909;ENSG00000162704;ENSG00000163993;ENSG00000235568;ENSG00000163191;ENSG00000067900;ENSG00000104518;ENSG00000197249;ENSG00000137845;ENSG00000116260;ENSG00000100504;ENSG00000140575;ENSG00000141012;ENSG00000213281;ENSG00000147813;ENSG00000169896;ENSG00000109743;ENSG00000067560;ENSG00000143119;ENSG00000000938;ENSG00000188811;ENSG00000117984;ENSG00000158869;ENSG00000135926;ENSG00000182885;ENSG00000123728;ENSG00000059804;ENSG00000069974;ENSG00000057608;ENSG00000131981;ENSG00000146425;ENSG00000117971;ENSG00000189403;ENSG00000100243;ENSG00000108219;ENSG00000198805;ENSG00000103811;ENSG00000149925;ENSG00000115271;ENSG00000130150;ENSG00000079739;ENSG00000186716;ENSG00000204577;ENSG00000103187;ENSG00000177105;ENSG00000140678;ENSG00000170043;ENSG00000163636;ENSG00000164713;ENSG00000102393;ENSG00000197405;ENSG00000197548;ENSG00000168461;ENSG00000135932;ENSG00000129353;ENSG00000108671;ENSG00000166710;ENSG00000100284;ENSG00000099246;ENSG00000072958;ENSG00000197170
GO:0043312,neutrophil degranulation,http://amigo.geneontology.org/amigo/term/GO:0043312,446,114,71.09699111992414,1.6034433835281219,7.081788933049893e-8,8.144091977528578e-5,102;226;306;383;387;391;567;613;634;683;684;719;728;823;847;932;963;967;1088;1143;1432;1509;1512;1604;1727;1991;1992;2040;2207;2268;2352;2588;2665;2717;2992;3101;3146;3240;3303;3684;3687;3934;3958;4318;4860;4893;5023;5236;5265;5657;5717;5718;5768;5836;5870;5873;5908;6036;6093;6282;6283;6286;6515;6556;6947;6993;7130;7226;8773;8826;8836;8876;8907;9535;9861;10043;10092;10533;10855;10970;11031;22931;23200;23218;23406;23593;23601;25798;25801;25840;51316;51411;51719;53831;56729;57126;57153;57826;58485;64114;79792;79930;81619;84418;93100;116844;126014;150372;158747;199675;222487;338339;387921;102725035,ENSG00000204936;ENSG00000196415;ENSG00000104918;ENSG00000163221;ENSG00000197561;ENSG00000124469;ENSG00000110934;ENSG00000118520;ENSG00000142185;ENSG00000169385;ENSG00000257017;ENSG00000183019;ENSG00000138772;ENSG00000166527;ENSG00000139572;ENSG00000171860;ENSG00000258227;ENSG00000127314;ENSG00000148346;ENSG00000134827;ENSG00000204389;ENSG00000163754;ENSG00000021355;ENSG00000112299;ENSG00000079385;ENSG00000120306;ENSG00000051620;ENSG00000175582;ENSG00000148175;ENSG00000145287;ENSG00000135404;ENSG00000149516;ENSG00000058063;ENSG00000171236;ENSG00000185432;ENSG00000137563;ENSG00000173083;ENSG00000160883;ENSG00000108405;ENSG00000160796;ENSG00000196352;ENSG00000121691;ENSG00000136026;ENSG00000112062;ENSG00000130755;ENSG00000092531;ENSG00000100985;ENSG00000146094;ENSG00000018280;ENSG00000014216;ENSG00000110203;ENSG00000130303;ENSG00000123610;ENSG00000170909;ENSG00000162704;ENSG00000163993;ENSG00000235568;ENSG00000163191;ENSG00000067900;ENSG00000104518;ENSG00000197249;ENSG00000137845;ENSG00000116260;ENSG00000100504;ENSG00000140575;ENSG00000141012;ENSG00000213281;ENSG00000147813;ENSG00000169896;ENSG00000109743;ENSG00000067560;ENSG00000143119;ENSG00000000938;ENSG00000188811;ENSG00000117984;ENSG00000158869;ENSG00000135926;ENSG00000182885;ENSG00000123728;ENSG00000059804;ENSG00000069974;ENSG00000057608;ENSG00000131981;ENSG00000146425;ENSG00000117971;ENSG00000189403;ENSG00000100243;ENSG00000108219;ENSG00000198805;ENSG00000103811;ENSG00000149925;ENSG00000115271;ENSG00000130150;ENSG00000079739;ENSG00000186716;ENSG00000204577;ENSG00000103187;ENSG00000177105;ENSG00000140678;ENSG00000170043;ENSG00000163636;ENSG00000164713;ENSG00000102393;ENSG00000197405;ENSG00000197548;ENSG00000168461;ENSG00000135932;ENSG00000129353;ENSG00000108671;ENSG00000166710;ENSG00000100284;ENSG00000099246;ENSG00000072958;ENSG00000197170
,,,,,,,,,,
,,,,,,,,,,
GAINS Sepsis Dataset - Downregulated,,,,,,,,,,
geneSet,description,link,size,overlap,expect,enrichmentRatio,pValue,FDR,overlapId,userId
GO:0006396,RNA processing,http://amigo.geneontology.org/amigo/term/GO:0006396,766,205,113.72118286059143,1.8026544821583987,0,0,1025;1207;1653;1660;1736;2071;2091;2926;2962;2967;2968;3184;3191;3921;4088;4736;4809;4841;4931;5356;5431;5438;6100;6165;6194;6217;6294;6427;6430;6431;6432;6433;6625;6631;6632;6634;6651;6832;6894;7157;7375;8220;8446;8458;8570;8731;8761;9128;9188;9277;9326;9584;9698;9785;9790;9836;9879;9924;10199;10212;10236;10248;10250;10284;10291;10412;10436;10450;10492;10594;10607;10657;10772;10785;10799;10813;10898;10921;10949;10969;10992;11044;11051;11325;22826;22827;22828;23020;23160;23212;23378;23398;23404;23481;25926;25929;25980;25983;26024;26097;26121;26156;27042;27079;27161;27292;28960;29101;29894;29997;51106;51154;51202;51367;51490;51531;51593;51654;51729;54439;54482;54522;54606;54680;54802;54859;54888;54890;55131;55140;55149;55164;55226;55250;55272;55596;55644;55651;55661;55677;55692;55756;55813;56339;56915;57109;57418;57505;57602;57647;57661;57805;58509;58517;60625;63892;64216;65083;79066;79228;79691;79753;79833;79863;79882;79897;79979;80324;80745;80746;81608;81875;81887;81890;83732;83759;84128;84154;84321;84687;84705;84844;84881;84916;84991;90121;91746;91801;92105;92856;112858;114049;115752;118460;123169;127253;134430;144233;158234;285367;348180;387338;441250;550643;728642,ENSG00000091542;ENSG00000115970;ENSG00000205937;ENSG00000087365;ENSG00000160633;ENSG00000136932;ENSG00000174177;ENSG00000100056;ENSG00000087087;ENSG00000061936;ENSG00000160075;ENSG00000198231;ENSG00000100650;ENSG00000149262;ENSG00000071894;ENSG00000124193;ENSG00000132463;ENSG00000125944;ENSG00000165275;ENSG00000105193;ENSG00000135829;ENSG00000144048;ENSG00000134461;ENSG00000138668;ENSG00000130299;ENSG00000105298;ENSG00000132275;ENSG00000167088;ENSG00000100410;ENSG00000136875;ENSG00000164346;ENSG00000163166;ENSG00000121774;ENSG00000163811;ENSG00000125651;ENSG00000137154;ENSG00000082516;ENSG00000140829;ENSG00000100029;ENSG00000124562;ENSG00000160917;ENSG00000047315;ENSG00000091009;ENSG00000133226;ENSG00000165271;ENSG00000163877;ENSG00000111358;ENSG00000145216;ENSG00000070047;ENSG00000186666;ENSG00000135316;ENSG00000163161;ENSG00000126749;ENSG00000171566;ENSG00000114316;ENSG00000147140;ENSG00000088247;ENSG00000110063;ENSG00000152147;ENSG00000213079;ENSG00000083896;ENSG00000131051;ENSG00000168028;ENSG00000161547;ENSG00000150990;ENSG00000136807;ENSG00000055483;ENSG00000158941;ENSG00000159140;ENSG00000119707;ENSG00000144028;ENSG00000163832;ENSG00000160679;ENSG00000162851;ENSG00000123136;ENSG00000151576;ENSG00000183751;ENSG00000188529;ENSG00000172336;ENSG00000227057;ENSG00000105618;ENSG00000084072;ENSG00000174231;ENSG00000117597;ENSG00000101546;ENSG00000204272;ENSG00000182899;ENSG00000104852;ENSG00000129460;ENSG00000150459;ENSG00000104299;ENSG00000188917;ENSG00000156502;ENSG00000241370;ENSG00000007392;ENSG00000117481;ENSG00000273611;ENSG00000134644;ENSG00000101654;ENSG00000106344;ENSG00000156990;ENSG00000136271;ENSG00000134453;ENSG00000105258;ENSG00000124383;ENSG00000123908;ENSG00000084463;ENSG00000177192;ENSG00000166949;ENSG00000166477;ENSG00000079785;ENSG00000037474;ENSG00000160193;ENSG00000043514;ENSG00000112941;ENSG00000136718;ENSG00000156697;ENSG00000158526;ENSG00000141076;ENSG00000126698;ENSG00000124608;ENSG00000138050;ENSG00000131043;ENSG00000108651;ENSG00000113593;ENSG00000051596;ENSG00000053372;ENSG00000124784;ENSG00000141510;ENSG00000143748;ENSG00000135473;ENSG00000197498;ENSG00000124787;ENSG00000106246;ENSG00000213780;ENSG00000145912;ENSG00000198917;ENSG00000223496;ENSG00000167005;ENSG00000172315;ENSG00000033030;ENSG00000117174;ENSG00000134014;ENSG00000130713;ENSG00000115368;ENSG00000090621;ENSG00000145833;ENSG00000130826;ENSG00000105373;ENSG00000134759;ENSG00000165819;ENSG00000099995;ENSG00000029639;ENSG00000213339;ENSG00000165526;ENSG00000154743;ENSG00000213782;ENSG00000168806;ENSG00000108819;ENSG00000166938;ENSG00000100138;ENSG00000008128;ENSG00000179950;ENSG00000165732;ENSG00000143319;ENSG00000101391;ENSG00000086189;ENSG00000116830;ENSG00000001497;ENSG00000092094;ENSG00000077348;ENSG00000277149;ENSG00000148300;ENSG00000177971;ENSG00000137760;ENSG00000171490;ENSG00000177733;ENSG00000107951;ENSG00000100722;ENSG00000130935;ENSG00000144736;ENSG00000105202;ENSG00000059588;ENSG00000065268;ENSG00000131652;ENSG00000074201;ENSG00000122435;ENSG00000162623;ENSG00000165733;ENSG00000117395;ENSG00000071462;ENSG00000127804;ENSG00000101452;ENSG00000164610;ENSG00000167272;ENSG00000134987;ENSG00000124228;ENSG00000100028;ENSG00000115875;ENSG00000198755;ENSG00000173914;ENSG00000104824;ENSG00000179041;ENSG00000166133;ENSG00000135372
GO:0034660,ncRNA metabolic process,http://amigo.geneontology.org/amigo/term/GO:0034660,464,145,68.88593844296922,2.104928861788618,0,0,905;1025;1653;1736;2058;2091;2475;2926;2962;2976;3376;3921;4088;4691;4736;4809;4931;5431;5438;5859;6165;6194;6217;6597;6598;6621;6877;6894;6908;7407;8570;9188;9277;9326;9790;9836;10199;10248;10412;10436;10607;10785;10799;10813;10969;11044;11137;23160;23212;23248;23378;23404;23481;25926;25983;26024;26156;27042;27044;27079;27161;27292;29997;51067;51091;51106;51154;51202;51367;51520;51531;51593;51654;51729;54482;54522;54606;54680;54802;54859;54888;54938;55140;55152;55164;55226;55250;55272;55644;55651;55661;55756;55813;56339;56915;57038;57109;57418;57505;57602;57647;63892;64216;65083;79066;79691;79731;79863;79871;79897;79979;80324;80745;80746;81875;81887;81890;83732;84128;84154;84365;84524;84705;84881;84916;90121;91801;92105;92675;92856;92935;112858;114049;115752;118460;123283;124454;127253;134430;144233;158234;348180;387338;441250;100885850,ENSG00000115970;ENSG00000136932;ENSG00000174177;ENSG00000087087;ENSG00000127616;ENSG00000149262;ENSG00000132463;ENSG00000165275;ENSG00000172053;ENSG00000105193;ENSG00000178149;ENSG00000134461;ENSG00000204394;ENSG00000130299;ENSG00000132275;ENSG00000164346;ENSG00000247626;ENSG00000163811;ENSG00000125651;ENSG00000137154;ENSG00000163125;ENSG00000100029;ENSG00000047315;ENSG00000165271;ENSG00000144161;ENSG00000186666;ENSG00000133706;ENSG00000126749;ENSG00000146282;ENSG00000109618;ENSG00000088247;ENSG00000168028;ENSG00000150990;ENSG00000136807;ENSG00000055483;ENSG00000163832;ENSG00000162851;ENSG00000151576;ENSG00000183751;ENSG00000197157;ENSG00000172336;ENSG00000227057;ENSG00000117597;ENSG00000101546;ENSG00000185418;ENSG00000182899;ENSG00000129460;ENSG00000104299;ENSG00000188917;ENSG00000241370;ENSG00000117481;ENSG00000273611;ENSG00000165684;ENSG00000136271;ENSG00000105258;ENSG00000124383;ENSG00000123908;ENSG00000082258;ENSG00000084463;ENSG00000177192;ENSG00000166949;ENSG00000079785;ENSG00000037474;ENSG00000160193;ENSG00000043514;ENSG00000108825;ENSG00000112941;ENSG00000136718;ENSG00000115207;ENSG00000156697;ENSG00000112592;ENSG00000158526;ENSG00000141076;ENSG00000137513;ENSG00000125821;ENSG00000198793;ENSG00000124608;ENSG00000138050;ENSG00000139131;ENSG00000136628;ENSG00000148835;ENSG00000108651;ENSG00000053372;ENSG00000124784;ENSG00000143748;ENSG00000122484;ENSG00000197498;ENSG00000124787;ENSG00000106246;ENSG00000115053;ENSG00000145912;ENSG00000223496;ENSG00000172315;ENSG00000117174;ENSG00000134014;ENSG00000130713;ENSG00000115368;ENSG00000130826;ENSG00000105373;ENSG00000134759;ENSG00000165819;ENSG00000136045;ENSG00000029639;ENSG00000213339;ENSG00000165526;ENSG00000154743;ENSG00000213782;ENSG00000168806;ENSG00000166938;ENSG00000100138;ENSG00000165732;ENSG00000143319;ENSG00000101391;ENSG00000086189;ENSG00000001497;ENSG00000092094;ENSG00000196305;ENSG00000077348;ENSG00000277149;ENSG00000148300;ENSG00000177971;ENSG00000137760;ENSG00000104835;ENSG00000099956;ENSG00000171490;ENSG00000130935;ENSG00000144736;ENSG00000105202;ENSG00000059588;ENSG00000065268;ENSG00000122435;ENSG00000162623;ENSG00000165733;ENSG00000117395;ENSG00000071462;ENSG00000127804;ENSG00000103356;ENSG00000167272;ENSG00000134987;ENSG00000124228;ENSG00000155438;ENSG00000198755;ENSG00000179041;ENSG00000166133;ENSG00000135372
GO:0022613,ribonucleoprotein complex biogenesis,http://amigo.geneontology.org/amigo/term/GO:0022613,390,134,57.89981894990947,2.3143422972691265,0,0,14;472;1207;1653;1660;1736;1778;1939;1968;1975;2091;3921;4736;4809;4927;4931;6059;6165;6193;6194;6217;6311;6430;6431;6433;6631;6632;6634;6838;7248;7375;8607;8662;8664;8665;8666;8667;8668;8669;9188;9277;9326;9790;9816;9924;10199;10291;10412;10436;10594;10607;10772;10813;10969;11051;11137;11273;22907;23019;23020;23160;23212;23378;23404;23481;25926;25929;25980;25983;26121;26156;27042;27079;27161;27292;29883;29997;51001;51106;51116;51154;51202;51367;51386;51388;51729;54552;54606;54680;55153;55164;55226;55239;55272;55651;55661;55692;55794;55813;56647;56915;57002;57109;57418;57472;57602;57647;64216;64794;65083;79066;79631;79833;79863;81875;81887;83732;83939;84128;84154;84916;84946;90121;91746;92856;114049;115752;118460;134430;197135;220064;387338;550643;728689,ENSG00000125107;ENSG00000149716;ENSG00000061936;ENSG00000100650;ENSG00000124193;ENSG00000204842;ENSG00000130741;ENSG00000087263;ENSG00000105193;ENSG00000125485;ENSG00000135829;ENSG00000149311;ENSG00000132275;ENSG00000167088;ENSG00000164346;ENSG00000163811;ENSG00000137154;ENSG00000082516;ENSG00000100029;ENSG00000147677;ENSG00000124562;ENSG00000175792;ENSG00000113300;ENSG00000165271;ENSG00000168488;ENSG00000135763;ENSG00000126749;ENSG00000165699;ENSG00000107949;ENSG00000175390;ENSG00000114316;ENSG00000152147;ENSG00000083896;ENSG00000168028;ENSG00000150990;ENSG00000055483;ENSG00000144028;ENSG00000162851;ENSG00000132603;ENSG00000183751;ENSG00000188529;ENSG00000100353;ENSG00000227057;ENSG00000105618;ENSG00000174231;ENSG00000117597;ENSG00000101546;ENSG00000204272;ENSG00000182899;ENSG00000144895;ENSG00000130811;ENSG00000129460;ENSG00000205609;ENSG00000084623;ENSG00000197102;ENSG00000083845;ENSG00000007392;ENSG00000117481;ENSG00000273611;ENSG00000108559;ENSG00000241127;ENSG00000136271;ENSG00000182810;ENSG00000122140;ENSG00000198791;ENSG00000130119;ENSG00000135521;ENSG00000124383;ENSG00000123908;ENSG00000084463;ENSG00000106263;ENSG00000079785;ENSG00000100129;ENSG00000136718;ENSG00000156697;ENSG00000158526;ENSG00000141076;ENSG00000131043;ENSG00000108651;ENSG00000053372;ENSG00000124784;ENSG00000143748;ENSG00000135473;ENSG00000197498;ENSG00000145912;ENSG00000223496;ENSG00000167005;ENSG00000132153;ENSG00000140598;ENSG00000117174;ENSG00000130713;ENSG00000115368;ENSG00000148296;ENSG00000063046;ENSG00000130826;ENSG00000105373;ENSG00000099995;ENSG00000136045;ENSG00000029639;ENSG00000164163;ENSG00000213782;ENSG00000166938;ENSG00000229474;ENSG00000100138;ENSG00000165732;ENSG00000143319;ENSG00000156469;ENSG00000086189;ENSG00000143486;ENSG00000001497;ENSG00000104131;ENSG00000077348;ENSG00000148300;ENSG00000177971;ENSG00000171490;ENSG00000130935;ENSG00000144736;ENSG00000105202;ENSG00000065268;ENSG00000074201;ENSG00000165733;ENSG00000117395;ENSG00000071462;ENSG00000127804;ENSG00000127837;ENSG00000198301;ENSG00000167272;ENSG00000134987;ENSG00000124228;ENSG00000100028;ENSG00000198755;ENSG00000179041;ENSG00000166133;ENSG00000135372
GO:0034470,ncRNA processing,http://amigo.geneontology.org/amigo/term/GO:0034470,321,109,47.656004828002416,2.2872248815946103,0,0,1653;1736;2091;2926;3921;4088;4736;4809;4931;6165;6194;6217;6894;9188;9277;9326;9790;9836;10199;10248;10412;10436;10607;10785;10799;10813;10969;11044;23160;23212;23378;23404;23481;25926;25983;26024;26156;27042;27079;27161;27292;29997;51106;51154;51202;51367;51531;51593;51654;51729;54482;54522;54606;54680;54802;54859;54888;55140;55164;55226;55250;55272;55644;55651;55661;55756;55813;56339;56915;57109;57418;57505;57602;57647;63892;64216;65083;79066;79691;79863;79897;79979;80324;80745;80746;81875;81887;81890;83732;84128;84154;84705;84881;84916;90121;91801;92105;92856;112858;114049;115752;118460;127253;134430;144233;158234;348180;387338;441250,ENSG00000115970;ENSG00000136932;ENSG00000174177;ENSG00000087087;ENSG00000149262;ENSG00000132463;ENSG00000165275;ENSG00000105193;ENSG00000134461;ENSG00000130299;ENSG00000132275;ENSG00000164346;ENSG00000163811;ENSG00000137154;ENSG00000100029;ENSG00000165271;ENSG00000186666;ENSG00000126749;ENSG00000168028;ENSG00000150990;ENSG00000055483;ENSG00000163832;ENSG00000162851;ENSG00000151576;ENSG00000183751;ENSG00000172336;ENSG00000227057;ENSG00000117597;ENSG00000101546;ENSG00000182899;ENSG00000129460;ENSG00000104299;ENSG00000188917;ENSG00000241370;ENSG00000117481;ENSG00000273611;ENSG00000136271;ENSG00000124383;ENSG00000123908;ENSG00000084463;ENSG00000177192;ENSG00000166949;ENSG00000079785;ENSG00000037474;ENSG00000160193;ENSG00000043514;ENSG00000112941;ENSG00000136718;ENSG00000156697;ENSG00000158526;ENSG00000141076;ENSG00000124608;ENSG00000138050;ENSG00000108651;ENSG00000053372;ENSG00000124784;ENSG00000143748;ENSG00000197498;ENSG00000124787;ENSG00000106246;ENSG00000145912;ENSG00000223496;ENSG00000172315;ENSG00000117174;ENSG00000134014;ENSG00000130713;ENSG00000115368;ENSG00000130826;ENSG00000105373;ENSG00000134759;ENSG00000165819;ENSG00000029639;ENSG00000213339;ENSG00000165526;ENSG00000154743;ENSG00000213782;ENSG00000168806;ENSG00000166938;ENSG00000100138;ENSG00000165732;ENSG00000143319;ENSG00000101391;ENSG00000086189;ENSG00000001497;ENSG00000092094;ENSG00000077348;ENSG00000277149;ENSG00000148300;ENSG00000177971;ENSG00000137760;ENSG00000171490;ENSG00000130935;ENSG00000144736;ENSG00000105202;ENSG00000059588;ENSG00000065268;ENSG00000122435;ENSG00000162623;ENSG00000165733;ENSG00000117395;ENSG00000071462;ENSG00000127804;ENSG00000167272;ENSG00000134987;ENSG00000124228;ENSG00000198755;ENSG00000179041;ENSG00000166133;ENSG00000135372
GO:0042254,ribosome biogenesis,http://amigo.geneontology.org/amigo/term/GO:0042254,252,88,37.41219070609535,2.3521744741256936,8.881784197001252e-16,1.4368950473908626e-12,14;1736;2091;3921;4736;4809;4927;4931;6059;6165;6193;6194;6217;6838;7248;9188;9277;9326;9790;9816;10199;10412;10436;10607;10813;10969;11137;22907;23160;23212;23378;23404;23481;25926;25983;26156;27042;27079;27292;29997;51001;51106;51116;51154;51202;51367;51388;51729;54552;54606;54680;55153;55164;55226;55272;55651;55661;55794;55813;56647;56915;57002;57109;57418;57602;57647;64216;64794;65083;79066;79631;79863;81875;81887;83732;83939;84128;84154;84916;84946;90121;92856;114049;115752;118460;134430;220064;387338,ENSG00000149716;ENSG00000105193;ENSG00000125485;ENSG00000132275;ENSG00000164346;ENSG00000163811;ENSG00000137154;ENSG00000100029;ENSG00000165271;ENSG00000135763;ENSG00000126749;ENSG00000165699;ENSG00000107949;ENSG00000168028;ENSG00000150990;ENSG00000055483;ENSG00000162851;ENSG00000132603;ENSG00000183751;ENSG00000227057;ENSG00000117597;ENSG00000101546;ENSG00000182899;ENSG00000144895;ENSG00000129460;ENSG00000083845;ENSG00000117481;ENSG00000273611;ENSG00000108559;ENSG00000241127;ENSG00000136271;ENSG00000182810;ENSG00000122140;ENSG00000130119;ENSG00000135521;ENSG00000124383;ENSG00000084463;ENSG00000136718;ENSG00000156697;ENSG00000158526;ENSG00000141076;ENSG00000108651;ENSG00000053372;ENSG00000124784;ENSG00000143748;ENSG00000197498;ENSG00000145912;ENSG00000223496;ENSG00000132153;ENSG00000140598;ENSG00000117174;ENSG00000130713;ENSG00000115368;ENSG00000148296;ENSG00000130826;ENSG00000105373;ENSG00000136045;ENSG00000029639;ENSG00000164163;ENSG00000213782;ENSG00000166938;ENSG00000100138;ENSG00000165732;ENSG00000143319;ENSG00000156469;ENSG00000086189;ENSG00000001497;ENSG00000077348;ENSG00000148300;ENSG00000177971;ENSG00000171490;ENSG00000130935;ENSG00000144736;ENSG00000105202;ENSG00000065268;ENSG00000165733;ENSG00000117395;ENSG00000071462;ENSG00000127804;ENSG00000127837;ENSG00000198301;ENSG00000167272;ENSG00000134987;ENSG00000124228;ENSG00000198755;ENSG00000179041;ENSG00000166133;ENSG00000135372
GO:0006412,translation,http://amigo.geneontology.org/amigo/term/GO:0006412,547,147,81.2082076,1.8101618584741606,5.5844218138645374e-14,7.528731342058374e-11,23;48;327;678;1653;1660;1725;1802;1933;1939;1967;1968;1975;1981;2058;2475;2967;3184;3191;3376;3921;4528;4690;4691;4736;5018;5859;6059;6124;6137;6138;6141;6143;6161;6164;6165;6167;6170;6183;6188;6193;6194;6217;6235;6311;7175;7248;7311;7349;7407;7818;7832;8570;8662;8664;8665;8666;8667;8668;8669;8761;8893;9147;9698;10102;10128;10131;10236;10247;10492;10657;10884;11222;23019;23034;23107;23112;23173;23178;23708;25904;25929;25946;25983;26058;27161;27327;28958;28973;29883;29904;51001;51067;51091;51116;51182;51386;51520;51654;54460;54938;55152;55239;55364;55651;56339;56478;56919;57002;57038;57472;57505;57690;60558;64432;64745;64968;64975;64981;65110;65981;79048;79066;79590;79631;79731;83759;83939;84273;84545;84881;85451;85476;92935;116541;120526;123283;124454;163255;197135;219927;220064;285367;387338;728689;100526842;100885850,ENSG00000125107;ENSG00000149716;ENSG00000163794;ENSG00000158092;ENSG00000122729;ENSG00000204568;ENSG00000204842;ENSG00000144713;ENSG00000130741;ENSG00000087263;ENSG00000125944;ENSG00000215472;ENSG00000095059;ENSG00000090905;ENSG00000172053;ENSG00000105193;ENSG00000178149;ENSG00000135829;ENSG00000204394;ENSG00000138668;ENSG00000132676;ENSG00000164062;ENSG00000187522;ENSG00000198918;ENSG00000182973;ENSG00000130312;ENSG00000213741;ENSG00000121774;ENSG00000247626;ENSG00000137154;ENSG00000082516;ENSG00000123297;ENSG00000147677;ENSG00000132478;ENSG00000114867;ENSG00000126602;ENSG00000113300;ENSG00000113048;ENSG00000151806;ENSG00000111358;ENSG00000109475;ENSG00000135316;ENSG00000055950;ENSG00000133706;ENSG00000165699;ENSG00000146282;ENSG00000175390;ENSG00000109618;ENSG00000221983;ENSG00000155463;ENSG00000088247;ENSG00000183978;ENSG00000168028;ENSG00000047410;ENSG00000108298;ENSG00000143314;ENSG00000078687;ENSG00000197345;ENSG00000182154;ENSG00000266472;ENSG00000167526;ENSG00000100353;ENSG00000132768;ENSG00000168827;ENSG00000145592;ENSG00000185418;ENSG00000182899;ENSG00000187742;ENSG00000144895;ENSG00000130811;ENSG00000129460;ENSG00000205609;ENSG00000084623;ENSG00000083845;ENSG00000184708;ENSG00000117481;ENSG00000134644;ENSG00000132541;ENSG00000156990;ENSG00000241127;ENSG00000020577;ENSG00000122140;ENSG00000198791;ENSG00000063177;ENSG00000103319;ENSG00000123908;ENSG00000204120;ENSG00000084092;ENSG00000106263;ENSG00000079785;ENSG00000131368;ENSG00000100129;ENSG00000108825;ENSG00000005100;ENSG00000137513;ENSG00000198793;ENSG00000124608;ENSG00000128626;ENSG00000154059;ENSG00000085760;ENSG00000139131;ENSG00000136628;ENSG00000110888;ENSG00000204574;ENSG00000115053;ENSG00000145912;ENSG00000114942;ENSG00000170946;ENSG00000140598;ENSG00000174444;ENSG00000114686;ENSG00000112996;ENSG00000090621;ENSG00000243927;ENSG00000171817;ENSG00000063046;ENSG00000165792;ENSG00000169062;ENSG00000165819;ENSG00000100354;ENSG00000164163;ENSG00000111361;ENSG00000165526;ENSG00000183617;ENSG00000138095;ENSG00000229474;ENSG00000101391;ENSG00000156469;ENSG00000115687;ENSG00000143486;ENSG00000145191;ENSG00000104131;ENSG00000196305;ENSG00000159388;ENSG00000104835;ENSG00000174748;ENSG00000164024;ENSG00000149273;ENSG00000165525;ENSG00000152518;ENSG00000189369;ENSG00000127804;ENSG00000103356;ENSG00000198755;ENSG00000161642;ENSG00000173914;ENSG00000104824
GO:0043043,peptide biosynthetic process,http://amigo.geneontology.org/amigo/term/GO:0043043,563,150,83.58358479179239,1.7946107525018413,6.539213615042172e-14,7.556528418868019e-11,23;48;327;678;1653;1660;1725;1802;1933;1939;1967;1968;1975;1981;2058;2475;2967;3184;3191;3376;3921;4528;4690;4691;4736;5018;5125;5859;6059;6124;6137;6138;6141;6143;6161;6164;6165;6167;6170;6183;6188;6193;6194;6217;6235;6311;7175;7248;7311;7349;7407;7818;7832;8570;8662;8664;8665;8666;8667;8668;8669;8761;8893;9147;9698;10102;10128;10131;10236;10247;10492;10657;10884;11222;23019;23034;23107;23112;23173;23178;23708;25904;25929;25946;25983;26058;27161;27327;28958;28973;29883;29904;51001;51067;51091;51116;51182;51386;51520;51654;54460;54938;55152;55239;55364;55651;55748;56339;56478;56919;57002;57038;57472;57505;57571;57690;60558;64432;64745;64968;64975;64981;65110;65981;79048;79066;79590;79631;79731;83759;83939;84273;84545;84881;85451;85476;92935;116541;120526;123283;124454;163255;197135;219927;220064;285367;387338;728689;100526842;100885850,ENSG00000125107;ENSG00000149716;ENSG00000163794;ENSG00000158092;ENSG00000122729;ENSG00000204568;ENSG00000204842;ENSG00000144713;ENSG00000130741;ENSG00000087263;ENSG00000125944;ENSG00000215472;ENSG00000095059;ENSG00000090905;ENSG00000172053;ENSG00000105193;ENSG00000178149;ENSG00000135829;ENSG00000204394;ENSG00000138668;ENSG00000132676;ENSG00000164062;ENSG00000187522;ENSG00000198918;ENSG00000182973;ENSG00000130312;ENSG00000213741;ENSG00000121774;ENSG00000247626;ENSG00000137154;ENSG00000082516;ENSG00000123297;ENSG00000147677;ENSG00000132478;ENSG00000114867;ENSG00000126602;ENSG00000113300;ENSG00000113048;ENSG00000151806;ENSG00000111358;ENSG00000109475;ENSG00000135316;ENSG00000055950;ENSG00000133706;ENSG00000165699;ENSG00000146282;ENSG00000175390;ENSG00000109618;ENSG00000221983;ENSG00000155463;ENSG00000088247;ENSG00000183978;ENSG00000168028;ENSG00000047410;ENSG00000108298;ENSG00000143314;ENSG00000078687;ENSG00000197345;ENSG00000182154;ENSG00000266472;ENSG00000167526;ENSG00000133313;ENSG00000100353;ENSG00000132768;ENSG00000168827;ENSG00000145592;ENSG00000185418;ENSG00000182899;ENSG00000187742;ENSG00000144895;ENSG00000130811;ENSG00000129460;ENSG00000205609;ENSG00000084623;ENSG00000083845;ENSG00000184708;ENSG00000117481;ENSG00000134644;ENSG00000132541;ENSG00000156990;ENSG00000241127;ENSG00000020577;ENSG00000122140;ENSG00000198791;ENSG00000063177;ENSG00000103319;ENSG00000123908;ENSG00000204120;ENSG00000084092;ENSG00000106263;ENSG00000079785;ENSG00000131368;ENSG00000100129;ENSG00000108825;ENSG00000005100;ENSG00000137513;ENSG00000198793;ENSG00000124608;ENSG00000128626;ENSG00000154059;ENSG00000085760;ENSG00000139131;ENSG00000136628;ENSG00000110888;ENSG00000204574;ENSG00000115053;ENSG00000145912;ENSG00000114942;ENSG00000170946;ENSG00000140598;ENSG00000174444;ENSG00000114686;ENSG00000112996;ENSG00000172508;ENSG00000090621;ENSG00000243927;ENSG00000171817;ENSG00000063046;ENSG00000165792;ENSG00000169062;ENSG00000165819;ENSG00000100354;ENSG00000164163;ENSG00000111361;ENSG00000165526;ENSG00000183617;ENSG00000138095;ENSG00000229474;ENSG00000101391;ENSG00000156469;ENSG00000115687;ENSG00000143486;ENSG00000145191;ENSG00000104131;ENSG00000196305;ENSG00000159388;ENSG00000104835;ENSG00000174748;ENSG00000164024;ENSG00000149273;ENSG00000165525;ENSG00000152518;ENSG00000189369;ENSG00000127804;ENSG00000103356;ENSG00000198755;ENSG00000161642;ENSG00000173914;ENSG00000104824;ENSG00000099139
GO:0006364,rRNA processing,http://amigo.geneontology.org/amigo/term/GO:0006364,182,66,27.019915509957755,2.442642723130528,5.142553050063725e-13,5.199763952745684e-10,1736;2091;3921;4736;4809;4931;6165;6194;6217;9188;9277;9326;9790;10199;10412;10436;10607;10813;10969;23160;23212;23378;23404;23481;25926;25983;26156;27042;27079;27292;29997;51106;51154;51202;51367;51729;54606;54680;55164;55226;55272;55651;55661;55813;56915;57109;57418;57602;57647;64216;65083;79066;79863;81875;81887;83732;84128;84154;84916;90121;92856;114049;115752;118460;134430;387338,ENSG00000105193;ENSG00000132275;ENSG00000164346;ENSG00000163811;ENSG00000137154;ENSG00000100029;ENSG00000165271;ENSG00000126749;ENSG00000168028;ENSG00000150990;ENSG00000055483;ENSG00000162851;ENSG00000183751;ENSG00000227057;ENSG00000117597;ENSG00000101546;ENSG00000182899;ENSG00000129460;ENSG00000117481;ENSG00000273611;ENSG00000136271;ENSG00000124383;ENSG00000084463;ENSG00000136718;ENSG00000156697;ENSG00000158526;ENSG00000141076;ENSG00000108651;ENSG00000053372;ENSG00000124784;ENSG00000143748;ENSG00000197498;ENSG00000145912;ENSG00000223496;ENSG00000117174;ENSG00000130713;ENSG00000115368;ENSG00000130826;ENSG00000105373;ENSG00000029639;ENSG00000213782;ENSG00000166938;ENSG00000100138;ENSG00000165732;ENSG00000143319;ENSG00000086189;ENSG00000001497;ENSG00000077348;ENSG00000148300;ENSG00000177971;ENSG00000171490;ENSG00000130935;ENSG00000144736;ENSG00000105202;ENSG00000065268;ENSG00000165733;ENSG00000117395;ENSG00000071462;ENSG00000127804;ENSG00000167272;ENSG00000134987;ENSG00000124228;ENSG00000198755;ENSG00000179041;ENSG00000166133;ENSG00000135372
GO:0016072,rRNA metabolic process,http://amigo.geneontology.org/amigo/term/GO:0016072,213,73,31.622208811104407,2.308504141379442,7.847056338050606e-13,7.052759857610151e-10,1736;2091;2475;2976;3921;4691;4736;4809;4931;6165;6194;6217;6597;6598;9188;9277;9326;9790;10199;10412;10436;10607;10813;10969;11137;23160;23212;23378;23404;23481;25926;25983;26156;27042;27079;27292;29997;51106;51154;51202;51367;51729;54606;54680;55164;55226;55272;55651;55661;55813;56915;57109;57418;57602;57647;64216;65083;79066;79863;81875;81887;83732;84128;84154;84365;84916;90121;92856;114049;115752;118460;134430;387338,ENSG00000127616;ENSG00000105193;ENSG00000132275;ENSG00000164346;ENSG00000163811;ENSG00000137154;ENSG00000100029;ENSG00000165271;ENSG00000126749;ENSG00000168028;ENSG00000150990;ENSG00000055483;ENSG00000162851;ENSG00000183751;ENSG00000227057;ENSG00000117597;ENSG00000101546;ENSG00000182899;ENSG00000129460;ENSG00000117481;ENSG00000273611;ENSG00000136271;ENSG00000124383;ENSG00000084463;ENSG00000136718;ENSG00000115207;ENSG00000156697;ENSG00000158526;ENSG00000141076;ENSG00000198793;ENSG00000108651;ENSG00000053372;ENSG00000124784;ENSG00000143748;ENSG00000197498;ENSG00000115053;ENSG00000145912;ENSG00000223496;ENSG00000117174;ENSG00000130713;ENSG00000115368;ENSG00000130826;ENSG00000105373;ENSG00000136045;ENSG00000029639;ENSG00000213782;ENSG00000166938;ENSG00000100138;ENSG00000165732;ENSG00000143319;ENSG00000086189;ENSG00000001497;ENSG00000077348;ENSG00000148300;ENSG00000177971;ENSG00000099956;ENSG00000171490;ENSG00000130935;ENSG00000144736;ENSG00000105202;ENSG00000065268;ENSG00000165733;ENSG00000117395;ENSG00000071462;ENSG00000127804;ENSG00000167272;ENSG00000134987;ENSG00000124228;ENSG00000155438;ENSG00000198755;ENSG00000179041;ENSG00000166133;ENSG00000135372
GO:0043604,amide biosynthetic process,http://amigo.geneontology.org/amigo/term/GO:0043604,669,164,99.32045866022933,1.6512207274539112,8.430367515188664e-12,6.81932428303611e-9,23;48;327;471;678;790;1653;1660;1725;1802;1933;1939;1967;1968;1975;1981;2058;2475;2618;2639;2967;3184;3191;3376;3921;4528;4690;4691;4736;5018;5027;5125;5859;6059;6124;6137;6138;6141;6143;6161;6164;6165;6167;6170;6183;6188;6193;6194;6217;6235;6311;7175;7248;7311;7349;7407;7818;7832;8570;8662;8664;8665;8666;8667;8668;8669;8761;8869;8893;9147;9698;10102;10128;10131;10166;10236;10247;10400;10492;10657;10884;11222;23019;23034;23107;23112;23173;23178;23205;23708;25904;25929;25946;25983;26058;27161;27327;28958;28973;29883;29904;51001;51067;51091;51116;51182;51386;51520;51654;54460;54938;55066;55152;55239;55364;55651;55748;56339;56478;56919;57002;57038;57472;57505;57546;57571;57690;60558;64432;64745;64968;64975;64981;65110;65981;79048;79066;79590;79631;79731;83759;83939;84273;84532;84545;84881;85451;85476;91012;92935;116541;120526;123283;124454;163255;197135;219927;220064;253782;285367;387338;728689;100526842;100885850,ENSG00000125107;ENSG00000159131;ENSG00000149716;ENSG00000163794;ENSG00000158092;ENSG00000122729;ENSG00000204568;ENSG00000204842;ENSG00000144713;ENSG00000130741;ENSG00000087263;ENSG00000125944;ENSG00000215472;ENSG00000095059;ENSG00000090905;ENSG00000172053;ENSG00000105193;ENSG00000178149;ENSG00000135829;ENSG00000204394;ENSG00000138668;ENSG00000132676;ENSG00000164062;ENSG00000187522;ENSG00000198918;ENSG00000182973;ENSG00000130312;ENSG00000213741;ENSG00000121774;ENSG00000247626;ENSG00000105607;ENSG00000137154;ENSG00000082516;ENSG00000123297;ENSG00000147677;ENSG00000132478;ENSG00000114867;ENSG00000126602;ENSG00000113300;ENSG00000113048;ENSG00000151806;ENSG00000111358;ENSG00000109475;ENSG00000135316;ENSG00000055950;ENSG00000133706;ENSG00000165699;ENSG00000146282;ENSG00000175390;ENSG00000109618;ENSG00000221983;ENSG00000155463;ENSG00000172840;ENSG00000088247;ENSG00000183978;ENSG00000168028;ENSG00000084774;ENSG00000047410;ENSG00000108298;ENSG00000143314;ENSG00000078687;ENSG00000197345;ENSG00000102743;ENSG00000182154;ENSG00000266472;ENSG00000167526;ENSG00000133313;ENSG00000100353;ENSG00000132768;ENSG00000168827;ENSG00000145592;ENSG00000185418;ENSG00000182899;ENSG00000090857;ENSG00000187742;ENSG00000144895;ENSG00000130811;ENSG00000129460;ENSG00000205609;ENSG00000084623;ENSG00000083845;ENSG00000184708;ENSG00000117481;ENSG00000133027;ENSG00000134644;ENSG00000132541;ENSG00000138363;ENSG00000156990;ENSG00000241127;ENSG00000020577;ENSG00000122140;ENSG00000198791;ENSG00000063177;ENSG00000103319;ENSG00000123908;ENSG00000204120;ENSG00000139624;ENSG00000084092;ENSG00000106263;ENSG00000079785;ENSG00000131368;ENSG00000100129;ENSG00000108825;ENSG00000005100;ENSG00000137513;ENSG00000198793;ENSG00000124608;ENSG00000128626;ENSG00000154059;ENSG00000085760;ENSG00000139131;ENSG00000136628;ENSG00000110888;ENSG00000204574;ENSG00000115053;ENSG00000145912;ENSG00000114942;ENSG00000170946;ENSG00000140598;ENSG00000174444;ENSG00000114686;ENSG00000112996;ENSG00000172508;ENSG00000090621;ENSG00000243927;ENSG00000171817;ENSG00000063046;ENSG00000165792;ENSG00000169062;ENSG00000165819;ENSG00000100354;ENSG00000164163;ENSG00000111361;ENSG00000165526;ENSG00000183617;ENSG00000138095;ENSG00000154930;ENSG00000229474;ENSG00000172292;ENSG00000101391;ENSG00000156469;ENSG00000115687;ENSG00000143486;ENSG00000145191;ENSG00000104131;ENSG00000196305;ENSG00000159388;ENSG00000104835;ENSG00000174748;ENSG00000164024;ENSG00000149273;ENSG00000165525;ENSG00000152518;ENSG00000189369;ENSG00000127804;ENSG00000103740;ENSG00000103356;ENSG00000198755;ENSG00000161642;ENSG00000173914;ENSG00000104824;ENSG00000115525;ENSG00000089041;ENSG00000099139
GO:0006518,peptide metabolic process,http://amigo.geneontology.org/amigo/term/GO:0006518,672,163,99.76584188292094,1.6338257355787844,2.4221513683642115e-11,1.7811620380634642e-8,23;48;165;327;678;1359;1653;1660;1725;1802;1933;1939;1967;1968;1975;1981;2058;2475;2739;2967;3184;3191;3376;3921;4285;4528;4690;4691;4736;5018;5125;5664;5859;6059;6124;6137;6138;6141;6143;6161;6164;6165;6167;6170;6183;6188;6193;6194;6217;6235;6311;6625;7175;7248;7311;7349;7407;7818;7832;8570;8662;8664;8665;8666;8667;8668;8669;8761;8893;9147;9698;10102;10128;10131;10236;10247;10273;10492;10657;10884;10972;11222;23019;23034;23107;23112;23173;23178;23549;23708;25904;25929;25946;25983;26058;27161;27327;28958;28972;28973;29883;29904;51001;51067;51091;51116;51182;51386;51520;51654;54460;54938;55152;55239;55364;55651;55748;56339;56478;56919;57002;57038;57472;57486;57505;57571;57690;60558;64432;64745;64968;64975;64981;65110;65981;79048;79066;79590;79631;79731;81502;83759;83939;84273;84545;84881;85451;85476;92935;116541;120526;121665;123283;124454;163255;197135;219927;220064;285367;387338;728689;100526842;100885850,ENSG00000125107;ENSG00000149716;ENSG00000163794;ENSG00000158092;ENSG00000122729;ENSG00000204568;ENSG00000204842;ENSG00000144713;ENSG00000130741;ENSG00000087263;ENSG00000125944;ENSG00000215472;ENSG00000095059;ENSG00000114902;ENSG00000090905;ENSG00000172053;ENSG00000105193;ENSG00000178149;ENSG00000135829;ENSG00000204394;ENSG00000138668;ENSG00000132676;ENSG00000164062;ENSG00000187522;ENSG00000198918;ENSG00000182973;ENSG00000130312;ENSG00000213741;ENSG00000121774;ENSG00000247626;ENSG00000157837;ENSG00000137154;ENSG00000082516;ENSG00000123297;ENSG00000147677;ENSG00000132478;ENSG00000114867;ENSG00000126602;ENSG00000113300;ENSG00000113048;ENSG00000151806;ENSG00000111358;ENSG00000109475;ENSG00000123213;ENSG00000135316;ENSG00000055950;ENSG00000133706;ENSG00000165699;ENSG00000146282;ENSG00000175390;ENSG00000109618;ENSG00000221983;ENSG00000155463;ENSG00000088247;ENSG00000183978;ENSG00000103266;ENSG00000168028;ENSG00000047410;ENSG00000108298;ENSG00000143314;ENSG00000078687;ENSG00000197345;ENSG00000182154;ENSG00000266472;ENSG00000167526;ENSG00000133313;ENSG00000100353;ENSG00000132768;ENSG00000168827;ENSG00000145592;ENSG00000185418;ENSG00000182899;ENSG00000187742;ENSG00000144895;ENSG00000104852;ENSG00000130811;ENSG00000129460;ENSG00000205609;ENSG00000084623;ENSG00000083845;ENSG00000184708;ENSG00000117481;ENSG00000134644;ENSG00000132541;ENSG00000156990;ENSG00000241127;ENSG00000123992;ENSG00000020577;ENSG00000122140;ENSG00000198791;ENSG00000063177;ENSG00000103319;ENSG00000123908;ENSG00000204120;ENSG00000143801;ENSG00000084092;ENSG00000106263;ENSG00000079785;ENSG00000131368;ENSG00000100129;ENSG00000108825;ENSG00000005100;ENSG00000106624;ENSG00000137513;ENSG00000101294;ENSG00000198793;ENSG00000124608;ENSG00000128626;ENSG00000154059;ENSG00000085760;ENSG00000139131;ENSG00000136628;ENSG00000110888;ENSG00000204574;ENSG00000115053;ENSG00000145912;ENSG00000114942;ENSG00000170946;ENSG00000140598;ENSG00000174444;ENSG00000114686;ENSG00000112996;ENSG00000172508;ENSG00000124767;ENSG00000090621;ENSG00000243927;ENSG00000171817;ENSG00000063046;ENSG00000027001;ENSG00000165792;ENSG00000169062;ENSG00000165819;ENSG00000100354;ENSG00000164163;ENSG00000111361;ENSG00000165526;ENSG00000183617;ENSG00000138095;ENSG00000229474;ENSG00000101391;ENSG00000156469;ENSG00000115687;ENSG00000143486;ENSG00000145191;ENSG00000104131;ENSG00000196305;ENSG00000170348;ENSG00000159388;ENSG00000104835;ENSG00000174748;ENSG00000164024;ENSG00000149273;ENSG00000165525;ENSG00000152518;ENSG00000163751;ENSG00000189369;ENSG00000127804;ENSG00000103356;ENSG00000198755;ENSG00000161642;ENSG00000173914;ENSG00000104824;ENSG00000099139
GO:0006403,RNA localization,http://amigo.geneontology.org/amigo/term/GO:0006403,205,66,30.434520217260108,2.1685901249256396,2.1998580734816642e-10,1.4828876630327653e-7,472;1660;1736;2091;3921;4927;6059;6311;6427;6430;6431;6432;7013;7014;7175;7248;8570;8607;9326;9688;9785;9804;10128;10212;10250;10657;10694;10898;10921;11097;11269;23180;23212;23225;23279;23404;23511;25946;26019;26097;26121;29072;29107;29894;54439;54680;54847;54890;55153;55164;55308;55651;55677;55746;56647;57122;65083;65110;79228;79902;81608;81929;84321;84946;91746;129401,ENSG00000091542;ENSG00000205937;ENSG00000151461;ENSG00000100650;ENSG00000071894;ENSG00000124193;ENSG00000204842;ENSG00000135829;ENSG00000147601;ENSG00000149311;ENSG00000163166;ENSG00000121774;ENSG00000181555;ENSG00000140829;ENSG00000160917;ENSG00000175792;ENSG00000091009;ENSG00000133226;ENSG00000165271;ENSG00000145216;ENSG00000111581;ENSG00000165699;ENSG00000107949;ENSG00000088247;ENSG00000156261;ENSG00000083896;ENSG00000168028;ENSG00000161547;ENSG00000168872;ENSG00000047410;ENSG00000163002;ENSG00000160679;ENSG00000132604;ENSG00000123136;ENSG00000157349;ENSG00000105618;ENSG00000085415;ENSG00000273611;ENSG00000108559;ENSG00000135521;ENSG00000136243;ENSG00000125450;ENSG00000095319;ENSG00000051596;ENSG00000072858;ENSG00000145912;ENSG00000117174;ENSG00000130713;ENSG00000069248;ENSG00000130826;ENSG00000102900;ENSG00000169062;ENSG00000132661;ENSG00000164163;ENSG00000138095;ENSG00000030066;ENSG00000144736;ENSG00000105202;ENSG00000131652;ENSG00000198301;ENSG00000173726;ENSG00000115875;ENSG00000161642;ENSG00000132182;ENSG00000179041;ENSG00000131378
GO:0022618,ribonucleoprotein complex assembly,http://amigo.geneontology.org/amigo/term/GO:0022618,202,65,29.989136994568497,2.167451501247686,3.090241396108695e-10,1.9228432810094796e-7,472;1207;1653;1660;1778;1939;1968;1975;3921;4809;6193;6311;6430;6431;6433;6631;6632;6634;7375;8607;8662;8664;8665;8666;8667;8668;8669;9326;9924;10291;10594;10772;11051;11273;22907;23019;23020;23212;25929;25980;26121;27161;29883;29997;51001;51116;51154;51386;51388;54680;55164;55239;55692;55794;57418;57472;79631;79833;83939;84154;91746;197135;387338;550643;728689,ENSG00000125107;ENSG00000061936;ENSG00000100650;ENSG00000124193;ENSG00000204842;ENSG00000130741;ENSG00000087263;ENSG00000135829;ENSG00000149311;ENSG00000167088;ENSG00000082516;ENSG00000147677;ENSG00000124562;ENSG00000175792;ENSG00000113300;ENSG00000168488;ENSG00000175390;ENSG00000114316;ENSG00000152147;ENSG00000083896;ENSG00000168028;ENSG00000144028;ENSG00000132603;ENSG00000188529;ENSG00000100353;ENSG00000105618;ENSG00000174231;ENSG00000204272;ENSG00000144895;ENSG00000130811;ENSG00000205609;ENSG00000084623;ENSG00000197102;ENSG00000083845;ENSG00000007392;ENSG00000117481;ENSG00000273611;ENSG00000182810;ENSG00000122140;ENSG00000198791;ENSG00000123908;ENSG00000106263;ENSG00000079785;ENSG00000100129;ENSG00000131043;ENSG00000053372;ENSG00000135473;ENSG00000197498;ENSG00000167005;ENSG00000132153;ENSG00000140598;ENSG00000117174;ENSG00000063046;ENSG00000105373;ENSG00000099995;ENSG00000229474;ENSG00000100138;ENSG00000156469;ENSG00000143486;ENSG00000104131;ENSG00000144736;ENSG00000065268;ENSG00000074201;ENSG00000100028;ENSG00000179041
GO:0006399,tRNA metabolic process,http://amigo.geneontology.org/amigo/term/GO:0006399,162,55,24.050694025347013,2.286836294288869,7.915603728037013e-10,4.573522754006529e-7,1653;2058;2926;2976;3376;5859;6894;7407;9836;10248;10785;10799;23404;26024;51067;51091;51367;51520;51531;51654;54482;54522;54802;54859;54888;54938;55140;55152;55226;55250;55644;57038;57505;63892;79691;79731;79897;79979;80324;80745;80746;81890;84705;84881;91801;92675;92935;112858;123283;124454;127253;158234;348180;441250;100885850,ENSG00000115970;ENSG00000136932;ENSG00000174177;ENSG00000132463;ENSG00000165275;ENSG00000172053;ENSG00000178149;ENSG00000134461;ENSG00000204394;ENSG00000130299;ENSG00000247626;ENSG00000133706;ENSG00000146282;ENSG00000109618;ENSG00000163832;ENSG00000151576;ENSG00000172336;ENSG00000185418;ENSG00000188917;ENSG00000241370;ENSG00000177192;ENSG00000079785;ENSG00000037474;ENSG00000160193;ENSG00000043514;ENSG00000108825;ENSG00000115207;ENSG00000137513;ENSG00000125821;ENSG00000124608;ENSG00000138050;ENSG00000139131;ENSG00000136628;ENSG00000124787;ENSG00000106246;ENSG00000172315;ENSG00000134014;ENSG00000130713;ENSG00000134759;ENSG00000213339;ENSG00000165526;ENSG00000154743;ENSG00000168806;ENSG00000101391;ENSG00000092094;ENSG00000196305;ENSG00000277149;ENSG00000137760;ENSG00000104835;ENSG00000059588;ENSG00000122435;ENSG00000162623;ENSG00000103356;ENSG00000167272;ENSG00000135372
GO:0071826,ribonucleoprotein complex subunit organization,http://amigo.geneontology.org/amigo/term/GO:0071826,215,66,31.91913095956548,2.067725467952354,2.0482797680188014e-9,1.1045690029002723e-6,472;1207;1653;1660;1778;1939;1968;1975;3921;4528;4809;6193;6311;6430;6431;6433;6631;6632;6634;7375;8607;8662;8664;8665;8666;8667;8668;8669;9326;9924;10291;10594;10772;11051;11273;22907;23019;23020;23212;25929;25980;26121;27161;29883;29997;51001;51116;51154;51386;51388;54680;55164;55239;55692;55794;57418;57472;79631;79833;83939;84154;91746;197135;387338;550643;728689,ENSG00000125107;ENSG00000061936;ENSG00000100650;ENSG00000124193;ENSG00000204842;ENSG00000130741;ENSG00000087263;ENSG00000135829;ENSG00000149311;ENSG00000167088;ENSG00000082516;ENSG00000147677;ENSG00000124562;ENSG00000175792;ENSG00000113300;ENSG00000168488;ENSG00000175390;ENSG00000114316;ENSG00000152147;ENSG00000083896;ENSG00000168028;ENSG00000144028;ENSG00000132603;ENSG00000188529;ENSG00000100353;ENSG00000105618;ENSG00000174231;ENSG00000204272;ENSG00000144895;ENSG00000130811;ENSG00000205609;ENSG00000084623;ENSG00000197102;ENSG00000083845;ENSG00000007392;ENSG00000117481;ENSG00000273611;ENSG00000182810;ENSG00000122140;ENSG00000198791;ENSG00000123908;ENSG00000106263;ENSG00000079785;ENSG00000100129;ENSG00000085760;ENSG00000131043;ENSG00000053372;ENSG00000135473;ENSG00000197498;ENSG00000167005;ENSG00000132153;ENSG00000140598;ENSG00000117174;ENSG00000063046;ENSG00000105373;ENSG00000099995;ENSG00000229474;ENSG00000100138;ENSG00000156469;ENSG00000143486;ENSG00000104131;ENSG00000144736;ENSG00000065268;ENSG00000074201;ENSG00000100028;ENSG00000179041